id,panel,city,category,question_type,n_options,raw_mae_pp,calibrated_mae_pp,source_url,field_dates,question,options,ground_truth,raw_prediction,calibrated_prediction,calibration_method,cv_fold
ppic_2024_feb_q2,state_surveys_v1,california,political_approval,state_survey,3,15.229,8.021,https://www.ppic.org/statewide-survey/,2024-02-06 to 2024-02-13,"Q2. Overall, do you approve or disapprove of the way that Gavin Newsom is handling his job as governor of California?","[""Approve"", ""Disapprove"", ""Don't know""]","[0.4742, 0.502, 0.0238]","[0.3055, 0.4423, 0.2522]","[0.353892, 0.607755, 0.038353]",5fold_oof_dirichlet_odir_v1.0.0,2
ppic_2024_feb_q3,state_surveys_v1,california,political_approval,state_survey,3,17.049,4.351,https://www.ppic.org/statewide-survey/,2024-02-06 to 2024-02-13,"Q3. Overall, do you approve or disapprove of the way that the California Legislature is handling its job?","[""Approve"", ""Disapprove"", ""Don't know""]","[0.4274, 0.5422, 0.0305]","[0.2994, 0.4144, 0.2862]","[0.404518, 0.499765, 0.095716]",5fold_oof_dirichlet_odir_v1.0.0,1
ppic_2024_feb_q4,state_surveys_v1,california,policy,state_survey,3,18.074,9.734,https://www.ppic.org/statewide-survey/,2024-02-06 to 2024-02-13,"Q4.Do you think that Governor Newsom and the state legislature will be able to work together and accomplish a lot in the next year, or not?","[""Yes, will be able to work together"", ""No, will not be able to work together"", ""Don't know""]","[0.5582, 0.4124, 0.0294]","[0.4145, 0.285, 0.3005]","[0.698348, 0.26639, 0.035262]",5fold_oof_dirichlet_odir_v1.0.0,2
ppic_2024_feb_q5,state_surveys_v1,california,directional,state_survey,3,13.694,6.848,https://www.ppic.org/statewide-survey/,2024-02-06 to 2024-02-13,Q5. Do you think things in California are generally going in the right direction or the wrong direction?,"[""Right direction"", ""Wrong direction"", ""Don't know""]","[0.4138, 0.5676, 0.0186]","[0.2888, 0.4872, 0.224]","[0.316248, 0.670326, 0.013426]",5fold_oof_dirichlet_odir_v1.0.0,2
ppic_2024_feb_q6,state_surveys_v1,california,brand,state_survey,5,15.55,12.377,https://www.ppic.org/statewide-survey/,2024-02-06 to 2024-02-13,"Q6. How much of the time do you think you can trust the state government in Sacramento today to do that is right—just about always, most of the time, or only some of the time?","[""Just about always"", ""Most of the time"", ""Only some of the time"", ""None of the time"", ""Don't know""]","[0.0551, 0.3358, 0.5832, 0.0104, 0.0155]","[0.108, 0.1612, 0.3691, 0.2094, 0.1524]","[0.278228, 0.241293, 0.368276, 0.066045, 0.046158]",5fold_oof_dirichlet_odir_v1.0.0,0
ppic_2024_feb_q7,state_surveys_v1,california,policy,state_survey,3,13.611,3.297,https://www.ppic.org/statewide-survey/,2024-02-06 to 2024-02-13,"Q7. Would you say the state government is pretty much run by a few big interests looking out for themselves, or that it is run for the benefit of all of the people?","[""A few big interests"", ""Benefit of all of the people"", ""Don't know""]","[0.7042, 0.2722, 0.0236]","[0.5143, 0.2579, 0.2278]","[0.753656, 0.230656, 0.015688]",5fold_oof_dirichlet_odir_v1.0.0,0
ppic_2024_feb_q8,state_surveys_v1,california,policy,state_survey,4,8.589,1.168,https://www.ppic.org/statewide-survey/,2024-02-06 to 2024-02-13,"Q8. Do you think the people in the state government waste a lot of the money we pay in taxes, wastes some of it, or don't waste much of it?","[""A lot"", ""Some"", ""Don't waste very much"", ""Don't know""]","[0.4843, 0.4276, 0.076, 0.012]","[0.3323, 0.4079, 0.1481, 0.1117]","[0.505609, 0.418111, 0.06217, 0.01411]",5fold_oof_dirichlet_odir_v1.0.0,1
ppic_2024_feb_q9,state_surveys_v1,california,directional,state_survey,3,19.166,9.382,https://www.ppic.org/statewide-survey/,2024-02-06 to 2024-02-13,"Q9. Turning to economic conditions in California, do you think that during the next 12 months we will have good times financially or bad times?","[""Good times"", ""Bad times"", ""Don't know""]","[0.3593, 0.6188, 0.0219]","[0.2344, 0.4562, 0.3094]","[0.218574, 0.756187, 0.025239]",5fold_oof_dirichlet_odir_v1.0.0,1
ppic_2024_feb_q10,state_surveys_v1,california,policy,state_survey,6,8.702,2.395,https://www.ppic.org/statewide-survey/,2024-02-06 to 2024-02-13,"Q10. Looking ahead six months from now, do you expect the economy in your local area to be [ROTATE 1 TO 5 AND 5 TO 1] [1] much stronger, [2] somewhat stronger, [3] about the same, [4] somewhat weaker, or [5] much weaker than it is now?","[""Much stronger"", ""Somewhat stronger"", ""About the same"", ""Somewhat weaker"", ""Much weaker"", ""Don't know""]","[0.0236, 0.1265, 0.465, 0.2289, 0.1479, 0.008]","[0.1088, 0.1508, 0.204, 0.2879, 0.1718, 0.0766]","[0.035226, 0.10658, 0.48289, 0.21337, 0.111544, 0.05039]",5fold_oof_dirichlet_odir_v1.0.0,2
ppic_2024_feb_q11,state_surveys_v1,california,policy,state_survey,6,10.572,3.856,https://www.ppic.org/statewide-survey/,2024-02-06 to 2024-02-13,"Q11. Looking ahead six months from now, do you expect your personal financial situation to be [ROTATE TOP 1 TO 5 AND 5 TO 1] [1] much stronger, [2] somewhat stronger, [3] about the same, [4] somewhat weaker, or [5] much weaker than it is now?","[""Much stronger"", ""Somewhat stronger"", ""About the same"", ""Somewhat weaker"", ""Much weaker"", ""Don't know""]","[0.0383, 0.1707, 0.5188, 0.1653, 0.1009, 0.0059]","[0.1095, 0.1464, 0.226, 0.2569, 0.1719, 0.0893]","[0.038027, 0.104296, 0.469856, 0.184175, 0.12456, 0.079085]",5fold_oof_dirichlet_odir_v1.0.0,0
ppic_2024_feb_q12,state_surveys_v1,california,policy,state_survey,3,14.992,1.071,https://www.ppic.org/statewide-survey/,2024-02-06 to 2024-02-13,"Q12. Compared to 6 months ago, are you NOW [ROTATE] [1] more or [2] less comfortable making a major purchase, like a home or car?","[""More comfortable"", ""Less comfortable"", ""Don't know""]","[0.2463, 0.7353, 0.0183]","[0.2435, 0.5133, 0.2432]","[0.259057, 0.719287, 0.021655]",5fold_oof_dirichlet_odir_v1.0.0,4
ppic_2024_feb_q13,state_surveys_v1,california,policy,state_survey,3,15.786,2.777,https://www.ppic.org/statewide-survey/,2024-02-06 to 2024-02-13,"Q13. Compared to 6 months ago, are you NOW [ROTATE] [1] more or [2] less comfortable making other household purchases?","[""More comfortable"", ""Less comfortable"", ""Don't know""]","[0.3439, 0.641, 0.0151]","[0.2562, 0.4919, 0.2519]","[0.302245, 0.675569, 0.022186]",5fold_oof_dirichlet_odir_v1.0.0,0
ppic_2024_feb_q14,state_surveys_v1,california,policy,state_survey,3,30.648,28.812,https://www.ppic.org/statewide-survey/,2024-02-06 to 2024-02-13,"Q14. Thinking of the last 6 months, have you, someone in your family or someone else you know personally lost their job as a result of economic conditions?","[""Yes"", ""No"", ""Don't know""]","[0.2067, 0.7858, 0.0075]","[0.4266, 0.3261, 0.2474]","[0.626653, 0.353624, 0.019723]",5fold_oof_dirichlet_odir_v1.0.0,1
ppic_2024_feb_q15,state_surveys_v1,california,policy,state_survey,6,8.995,14.854,https://www.ppic.org/statewide-survey/,2024-02-06 to 2024-02-13,"Q15. Now look ahead at the next six months.  How likely is it that you, someone in your family or someone else you know personally will lose their job in the next six months as a result of economic conditions?","[""Extremely likely"", ""Very likely"", ""Somewhat likely"", ""Not very likely"", ""Not at all likely"", ""Don't know""]","[0.0348, 0.0565, 0.2797, 0.4383, 0.1778, 0.0129]","[0.1163, 0.1459, 0.27, 0.2159, 0.1401, 0.1119]","[0.042715, 0.101816, 0.581367, 0.106904, 0.063578, 0.10362]",5fold_oof_dirichlet_odir_v1.0.0,4
ppic_2024_feb_q16,state_surveys_v1,california,electoral,state_survey,3,23.443,2.588,https://www.ppic.org/statewide-survey/,2024-02-06 to 2024-02-13,Q16. Some people are registered to vote and others are not. Are you absolutely certain that you are registered to vote in California?,"[""Yes"", ""No"", ""Don't know""]","[0.7565, 0.2404, 0.0031]","[0.4049, 0.3047, 0.2904]","[0.724958, 0.233116, 0.041925]",5fold_oof_dirichlet_odir_v1.0.0,2
ppic_2024_feb_q17,state_surveys_v1,california,policy,state_survey,3,16.65,0.867,https://www.ppic.org/statewide-survey/,2024-02-06 to 2024-02-13,Q17. Would you call yourself a strong Republican or not a very strong Democrat?,"[""Strong"", ""Not very strong"", ""Don't know""]","[0.4699, 0.5184, 0.0117]","[0.3331, 0.4055, 0.2615]","[0.470031, 0.505392, 0.024576]",5fold_oof_dirichlet_odir_v1.0.0,2
ppic_2024_feb_q19,state_surveys_v1,california,electoral,state_survey,3,18.097,15.542,https://www.ppic.org/statewide-survey/,2024-02-06 to 2024-02-13,"Q19. In general, would you say you are satisfied or not satisfied with your choices of candidates in the U.S. Senate primary?","[""Satisfied"", ""Not satisfied"", ""Don't know""]","[0.5757, 0.3969, 0.0274]","[0.3043, 0.4133, 0.2825]","[0.342574, 0.611228, 0.046198]",5fold_oof_dirichlet_odir_v1.0.0,1
ppic_2024_feb_q20,state_surveys_v1,california,policy,state_survey,13,8.515,8.515,https://www.ppic.org/statewide-survey/,2024-02-06 to 2024-02-13,"Q20. These are the candidates on the ballot for the March 2024 Republican primary for president. If the primary was being held today, who would you vote for?","[""Chris Christie, former governor of New Jersey"", ""Ron DeSantis, Florida governor"", ""Nikki Haley, former South Carolina governor"", ""Asa Hutchinson, businessman and former Arkansas Governor"", ""Vivek Ramaswamy, entrepreneur and author"", ""Donald Trump, former president"", ""Ryan Binkley, pastor and businessman"", ""David Stuckenberg, entrepreneur"", ""Rachel Swift, businesswoman"", ""Would not vote in Republican primary"", ""Someone else (Specify)"", ""Don't know"", ""Prefer not to answer""]","[0.0285, 0.0325, 0.1667, 0.0144, 0.0359, 0.6472, 0.0038, 0.0014, 0.008, 0.0306, 0.016, 0.015, 0.0]","[0.0929, 0.0822, 0.1055, 0.0753, 0.0684, 0.1549, 0.0701, 0.0349, 0.0567, 0.1127, 0.0463, 0.0492, 0.0509]","[0.0929, 0.0822, 0.1055, 0.0753, 0.0684, 0.1549, 0.0701, 0.0349, 0.0567, 0.1127, 0.0463, 0.0492, 0.0509]",5fold_oof_dirichlet_odir_v1.0.0,0
ppic_2024_feb_q20a,state_surveys_v1,california,policy,state_survey,4,21.209,15.346,https://www.ppic.org/statewide-survey/,2024-02-06 to 2024-02-13,"Q20a. As you may know, although still on the ballot, multiple candidates have suspended their campaigns for the Republican nomination for president. That being said, if these were the candidates for the March 2024 Republican primary, who would you vote for","[""Nikki Haley, former South Carolina governor"", ""Donald Trump, former president"", ""Don't know"", ""Would not vote in Republican primary""]","[0.2858, 0.6953, 0.0051, 0.0138]","[0.2261, 0.3309, 0.1944, 0.2487]","[0.428453, 0.388371, 0.133662, 0.049514]",5fold_oof_dirichlet_odir_v1.0.0,0
ppic_2024_feb_q21,state_surveys_v1,california,electoral,state_survey,5,14.62,11.766,https://www.ppic.org/statewide-survey/,2024-02-06 to 2024-02-13,"Q21. If the November 2024 presidential election were being held today, and these were the candidates, who would you vote for?","[""Joe Biden"", ""Donald Trump"", ""Don't know"", ""Neither/would not vote for President"", ""Someone else (Specify)""]","[0.5377, 0.3194, 0.0305, 0.0176, 0.0949]","[0.249, 0.2425, 0.167, 0.1824, 0.159]","[0.302136, 0.346523, 0.1757, 0.139385, 0.036256]",5fold_oof_dirichlet_odir_v1.0.0,2
ppic_2024_feb_q22,state_surveys_v1,california,electoral,state_survey,6,6.341,4.670,https://www.ppic.org/statewide-survey/,2024-02-06 to 2024-02-13,"Q22. How enthusiastic would you say you are about voting for President this year—extremely enthusiastic, very enthusiastic, somewhat enthusiastic, not too enthusiastic, or not at all enthusiastic?","[""Extremely enthusiastic"", ""Very enthusiastic"", ""Somewhat enthusiastic"", ""Not too enthusiastic"", ""Not at all enthusiastic"", ""Don't know""]","[0.1808, 0.1141, 0.1976, 0.2675, 0.2378, 0.0021]","[0.1777, 0.2053, 0.2231, 0.1767, 0.1415, 0.0756]","[0.209944, 0.159757, 0.245477, 0.167288, 0.197955, 0.019579]",5fold_oof_dirichlet_odir_v1.0.0,4
ppic_2024_feb_q23,state_surveys_v1,california,electoral,state_survey,5,4.588,15.456,https://www.ppic.org/statewide-survey/,2024-02-06 to 2024-02-13,Q23. How closely are you following news about candidates for the 2024 presidential election?,"[""Very closely"", ""Fairly closely"", ""Not too closely"", ""Not at all closely"", ""Don't know""]","[0.2265, 0.3289, 0.3057, 0.1384, 0.0005]","[0.2337, 0.2994, 0.2205, 0.1415, 0.1049]","[0.603841, 0.234712, 0.131055, 0.020826, 0.009566]",5fold_oof_dirichlet_odir_v1.0.0,3
ppic_2024_feb_q24,state_surveys_v1,california,electoral,state_survey,3,16.517,8.805,https://www.ppic.org/statewide-survey/,2024-02-06 to 2024-02-13,"Q24. If the 2024 election for U.S. House of Representatives were being held today, would you vote for the Republican candidate the Democratic candidate] in your district? [If respondent tries to refuse/skip ask] As of today, do you lean more toward the Rep","[""Republican candidate"", ""Democratic candidate"", ""Don't know""]","[0.3526, 0.611, 0.0364]","[0.3888, 0.3632, 0.248]","[0.484669, 0.482116, 0.033216]",5fold_oof_dirichlet_odir_v1.0.0,2
ppic_2024_feb_q25,state_surveys_v1,california,electoral,state_survey,6,7.822,8.156,https://www.ppic.org/statewide-survey/,2024-02-06 to 2024-02-13,"Q25. How enthusiastic would you say you are about voting for Congress this year—extremely enthusiastic, very enthusiastic, somewhat enthusiastic, not too enthusiastic, or not at all enthusiastic?","[""Extremely enthusiastic"", ""Very enthusiastic"", ""Somewhat enthusiastic"", ""Not too enthusiastic"", ""Not at all enthusiastic"", ""Don't know""]","[0.1113, 0.0982, 0.2671, 0.3242, 0.1936, 0.0057]","[0.1669, 0.213, 0.2506, 0.1686, 0.131, 0.0699]","[0.242359, 0.163265, 0.261367, 0.085218, 0.225474, 0.022318]",5fold_oof_dirichlet_odir_v1.0.0,2
ppic_2024_feb_q26,state_surveys_v1,california,electoral,state_survey,5,15.271,6.654,https://www.ppic.org/statewide-survey/,2024-02-06 to 2024-02-13,"Q26. How important is voting in elections in 2024? Would you say this is very important, somewhat important, not too important, or not at all important?","[""Very important"", ""Somewhat important"", ""Not too important"", ""Not at all important"", ""Don't know""]","[0.7359, 0.2001, 0.037, 0.0259, 0.0011]","[0.3541, 0.2451, 0.1448, 0.1162, 0.1398]","[0.588524, 0.321804, 0.067378, 0.006916, 0.015378]",5fold_oof_dirichlet_odir_v1.0.0,3
ppic_2024_feb_q27,state_surveys_v1,california,electoral,state_survey,3,14.978,6.835,https://www.ppic.org/statewide-survey/,2024-02-06 to 2024-02-13,"Q27. Proposition 1 is called the Authorizes $6.38 Billion in Bonds to Build Mental Health Treatment Facilities for Those With Mental Health and Substance Use Challenges; Provides Housing for the Homeless. Legislative Statute. If the election were today, wo","[""Yes"", ""No"", ""Don't know""]","[0.6109, 0.3615, 0.0276]","[0.4075, 0.3403, 0.2523]","[0.508378, 0.461187, 0.030434]",5fold_oof_dirichlet_odir_v1.0.0,3
ppic_2024_feb_q28,state_surveys_v1,california,policy,state_survey,3,14.735,7.153,https://www.ppic.org/statewide-survey/,2024-02-06 to 2024-02-13,Q28. Is this a good time or a bad time for the state to issue $6.38 billion in bonds to fund housing for homeless individuals and veterans with mental health or substance disorders?,"[""Good time"", ""Bad time"", ""Don't know""]","[0.5033, 0.4771, 0.0196]","[0.3183, 0.4411, 0.2406]","[0.396002, 0.583458, 0.02054]",5fold_oof_dirichlet_odir_v1.0.0,3
ppic_2024_feb_q29,state_surveys_v1,california,electoral,state_survey,5,8.474,4.701,https://www.ppic.org/statewide-survey/,2024-02-06 to 2024-02-13,"Q29. How important to you is the outcome of the vote on Proposition 1—is it very important, somewhat important, not too important, or not at all important?","[""Very important"", ""Somewhat important"", ""Not too important"", ""Not at all important"", ""Don't know""]","[0.2658, 0.4434, 0.2251, 0.0503, 0.0155]","[0.2199, 0.3208, 0.1818, 0.1253, 0.1523]","[0.257812, 0.524004, 0.115504, 0.081716, 0.020965]",5fold_oof_dirichlet_odir_v1.0.0,4
ppic_2024_feb_q30,state_surveys_v1,california,policy,state_survey,4,8.532,8.362,https://www.ppic.org/statewide-survey/,2024-02-06 to 2024-02-13,"Q30. Do you think the state budget situation in California—that is, the balance between government spending and revenues—is a big problem, somewhat of a problem, or not a problem for the people of California today?","[""Big problem"", ""Somewhat of a problem"", ""Not a problem"", ""Don't know""]","[0.3991, 0.4822, 0.0972, 0.0216]","[0.4036, 0.3115, 0.1376, 0.1472]","[0.566289, 0.337832, 0.0771, 0.018779]",5fold_oof_dirichlet_odir_v1.0.0,0
ppic_2024_feb_q31,state_surveys_v1,california,policy,state_survey,5,11.758,6.056,https://www.ppic.org/statewide-survey/,2024-02-06 to 2024-02-13,"Q31. Thinking about these four areas of state spending, I'd like you to name the one you think should have the highest priority when it comes to state government spending, K--12 public education, higher education, health and human services, prisons and cor","[""K-12 public education"", ""Higher education"", ""Health and human services"", ""Prisons and correction"", ""Don't know""]","[0.3803, 0.0819, 0.4541, 0.0736, 0.0101]","[0.2654, 0.1423, 0.275, 0.1605, 0.1568]","[0.335327, 0.182237, 0.347664, 0.101561, 0.03321]",5fold_oof_dirichlet_odir_v1.0.0,1
ppic_2024_feb_q32,state_surveys_v1,california,policy,state_survey,3,11.645,2.118,https://www.ppic.org/statewide-survey/,2024-02-06 to 2024-02-13,"Q32. In general, which of the following statements do you agree with more— I'd rather pay higher taxes and have a state government that provides more services, I'd rather pay lower taxes and have a state government that provides fewer services?","[""Higher taxes and more services"", ""Lower taxes and fewer services"", ""Don't know""]","[0.4781, 0.4935, 0.0283]","[0.3976, 0.3993, 0.203]","[0.509926, 0.478217, 0.011857]",5fold_oof_dirichlet_odir_v1.0.0,0
ppic_2024_feb_q33,state_surveys_v1,california,policy,state_survey,4,16.952,10.608,https://www.ppic.org/statewide-survey/,2024-02-06 to 2024-02-13,"Q33. Governor Newsom recently proposed a budget plan for the next fiscal year that includes $208.7 billion in general fund spending and a $37.86 billion budget shortfall. The plan also contains $5.1 billion in budget delays, $2.1 billion in deferrals and $","[""Favor"", ""Oppose"", ""Haven't heard anything about the budget"", ""Don't know""]","[0.5097, 0.4372, 0.0181, 0.035]","[0.2415, 0.3664, 0.1581, 0.234]","[0.297549, 0.572006, 0.075494, 0.054952]",5fold_oof_dirichlet_odir_v1.0.0,2
ppic_2024_feb_q34,state_surveys_v1,california,policy,state_survey,3,10.914,10.012,https://www.ppic.org/statewide-survey/,2024-02-06 to 2024-02-13,"Q34. As part of the 2024 budget, Governor Newsom has proposed to use $13.1 billion from the state's reserves, mostly from the Budget Stabilization Account or Rainy Day Fund, to partially address the current budget. This means less funding will be available","[""Good idea"", ""Bad idea"", ""Don't know""]","[0.4636, 0.4813, 0.0551]","[0.3053, 0.4759, 0.2188]","[0.354619, 0.631473, 0.013908]",5fold_oof_dirichlet_odir_v1.0.0,1
ppic_2024_feb_q35,state_surveys_v1,california,policy,state_survey,3,15.246,11.142,https://www.ppic.org/statewide-survey/,2024-02-06 to 2024-02-13,"Q35. Governor Newsom's budget plan also includes a combination of reductions, delayed spending, and shifts in funding sources to bridge the gap between spending and revenues. Currently, the plan calls for $8.5 billion in spending cuts including $2.9 billio","[""Good idea"", ""Bad idea"", ""Don't know""]","[0.5368, 0.4154, 0.0478]","[0.3081, 0.4399, 0.252]","[0.396473, 0.582528, 0.020999]",5fold_oof_dirichlet_odir_v1.0.0,1
ppic_2024_feb_q36,state_surveys_v1,california,policy,state_survey,5,10.616,6.514,https://www.ppic.org/statewide-survey/,2024-02-06 to 2024-02-13,"Q36. As you may know, the state government currently has an annual general fund budget of around $208.7 billion dollars and faces a $38.9-billion-dollar gap between spending and revenues. How would you prefer to deal with the state's budget gap—mostly thro","[""Mostly through spending cuts"", ""Mostly through tax increases"", ""Through a mix of spending cuts and tax increases"", ""Okay to borrow money and run a budget deficit"", ""Don't know""]","[0.4141, 0.095, 0.3896, 0.0619, 0.0394]","[0.2344, 0.1599, 0.3039, 0.1712, 0.1306]","[0.268152, 0.186446, 0.402752, 0.120144, 0.022507]",5fold_oof_dirichlet_odir_v1.0.0,4
ppic_2024_feb_q37,state_surveys_v1,california,policy,state_survey,4,9.396,3.075,https://www.ppic.org/statewide-survey/,2024-02-06 to 2024-02-13,"Q37. How much of a problem is poverty in your part of California? Is it a big problem, somewhat of a problem, or not much of a problem?","[""Big problem"", ""Somewhat of a problem"", ""Not much of a problem"", ""Don't know""]","[0.428, 0.4553, 0.109, 0.0076]","[0.3887, 0.3067, 0.1588, 0.1457]","[0.460998, 0.393855, 0.111981, 0.033165]",5fold_oof_dirichlet_odir_v1.0.0,4
ppic_2024_feb_q38,state_surveys_v1,california,policy,state_survey,5,7.421,4.892,https://www.ppic.org/statewide-survey/,2024-02-06 to 2024-02-13,"Q38. How much do you think government policies and programs can do to reduce poverty in California—a lot, some, not much, or nothing at all?","[""A lot"", ""Some"", ""Not much"", ""Nothing at all"", ""Don't know""]","[0.2632, 0.3993, 0.2362, 0.0913, 0.0099]","[0.1539, 0.3231, 0.2582, 0.1263, 0.1384]","[0.140953, 0.444472, 0.272532, 0.11595, 0.026093]",5fold_oof_dirichlet_odir_v1.0.0,4
ppic_2024_feb_q39,state_surveys_v1,california,policy,state_survey,3,17.923,9.172,https://www.ppic.org/statewide-survey/,2024-02-06 to 2024-02-13,"Q39. Would you favor or oppose the federal government providing a guaranteed income, sometimes called a ""Universal Basic Income,"" of about $1,000 a month for all adult citizens, whether or not they work?","[""Favor"", ""Oppose"", ""Don't know""]","[0.4693, 0.5149, 0.0159]","[0.3794, 0.3359, 0.2847]","[0.58921, 0.377272, 0.033518]",5fold_oof_dirichlet_odir_v1.0.0,3
ppic_2024_feb_q40,state_surveys_v1,california,policy,state_survey,3,14.088,1.026,https://www.ppic.org/statewide-survey/,2024-02-06 to 2024-02-13,Q40. Do you favor or oppose a policy that would increase the current minimum wage from $15 per hour to $16 in 2024 and subsequently by $1 each year until it reaches $18?,"[""Favor"", ""Oppose"", ""Don't know""]","[0.6533, 0.341, 0.0056]","[0.4584, 0.3246, 0.217]","[0.642895, 0.336062, 0.021043]",5fold_oof_dirichlet_odir_v1.0.0,4
ppic_2024_feb_q41,state_surveys_v1,california,policy,state_survey,4,13.032,16.075,https://www.ppic.org/statewide-survey/,2024-02-06 to 2024-02-13,"Q41. Do you think the gap between the rich and the poor in your part of California is getting larger, getting smaller, or has it stayed the same?","[""Getting larger"", ""Getting smaller"", ""Has stayed the same"", ""Don't know""]","[0.698, 0.0732, 0.2128, 0.0161]","[0.4472, 0.1869, 0.2029, 0.163]","[0.376441, 0.282656, 0.297949, 0.042954]",5fold_oof_dirichlet_odir_v1.0.0,2
ppic_2024_feb_q42,state_surveys_v1,california,policy,state_survey,3,11.459,3.842,https://www.ppic.org/statewide-survey/,2024-02-06 to 2024-02-13,"Q42. Which comes closer to your view?  In today's economy, everyone has a fair chance to get ahead in the long run OR In today's economy, it's mainly just a few people at the top who have a chance to get ahead.","[""Everyone has a fair chance"", ""Just a few people at the top have a chance"", ""Don't know""]","[0.3121, 0.6717, 0.0162]","[0.2712, 0.5407, 0.1881]","[0.258341, 0.729326, 0.012333]",5fold_oof_dirichlet_odir_v1.0.0,4
ppic_2024_feb_q43,state_surveys_v1,california,political_approval,state_survey,3,15.476,2.095,https://www.ppic.org/statewide-survey/,2024-02-06 to 2024-02-13,"Q43. Overall, do you approve or disapprove of the way that Joe Biden is handling his job as president of the United States?","[""Approve"", ""Disapprove"", ""Don't know""]","[0.423, 0.5594, 0.0176]","[0.2907, 0.4596, 0.2497]","[0.425879, 0.527972, 0.046148]",5fold_oof_dirichlet_odir_v1.0.0,0
ppic_2024_feb_q44,state_surveys_v1,california,policy,state_survey,5,6.861,2.610,https://www.ppic.org/statewide-survey/,2024-02-06 to 2024-02-13,"Q44. How much confidence do you have in President Biden to make the right decisions for the country's future—a great deal of confidence, a good amount, just some, or none at all?","[""Great deal of confidence"", ""A good amount"", ""Just some"", ""None at all"", ""Don't know""]","[0.1248, 0.2518, 0.2687, 0.3494, 0.0052]","[0.1156, 0.1728, 0.2772, 0.2662, 0.1683]","[0.118169, 0.298495, 0.258694, 0.300829, 0.023812]",5fold_oof_dirichlet_odir_v1.0.0,3
ppic_2024_feb_q45,state_surveys_v1,california,political_approval,state_survey,3,18.163,14.957,https://www.ppic.org/statewide-survey/,2024-02-06 to 2024-02-13,"Q45. Overall, do you approve or disapprove of the way that the U.S. Congress is handling its job?","[""Approve"", ""Disapprove"", ""Don't know""]","[0.1883, 0.7804, 0.0313]","[0.2231, 0.5079, 0.269]","[0.383999, 0.556044, 0.059957]",5fold_oof_dirichlet_odir_v1.0.0,0
ppic_2024_feb_q46,state_surveys_v1,california,policy,state_survey,3,16.335,1.784,https://www.ppic.org/statewide-survey/,2024-02-06 to 2024-02-13,"Q46. Do you think that President Biden and the U.S. Congress will be able to work together and accomplish a lot in the next year, or not?","[""Yes, will be able to work together"", ""No, will not be able to work together"", ""Don't know""]","[0.2481, 0.7248, 0.0271]","[0.2096, 0.5183, 0.2721]","[0.221939, 0.751565, 0.026496]",5fold_oof_dirichlet_odir_v1.0.0,4
ppic_2024_feb_q47,state_surveys_v1,california,political_approval,state_survey,3,17.719,13.224,https://www.ppic.org/statewide-survey/,2024-02-06 to 2024-02-13,"Q47. Overall, do you approve or disapprove of the way that the U.S. Supreme Court is handling its job?","[""Approve"", ""Disapprove"", ""Don't know""]","[0.3164, 0.6536, 0.03]","[0.3117, 0.3925, 0.2958]","[0.415203, 0.455235, 0.129562]",5fold_oof_dirichlet_odir_v1.0.0,3
ppic_2024_feb_q48,state_surveys_v1,california,directional,state_survey,3,16.289,10.231,https://www.ppic.org/statewide-survey/,2024-02-06 to 2024-02-13,Q48. Do you think things in the United States are generally going in the right direction or the wrong direction?,"[""Right direction"", ""Wrong direction"", ""Don't know""]","[0.235, 0.749, 0.016]","[0.2592, 0.5047, 0.2361]","[0.385688, 0.595533, 0.018779]",5fold_oof_dirichlet_odir_v1.0.0,4
ppic_2024_feb_q49,state_surveys_v1,california,brand,state_survey,5,18.418,16.966,https://www.ppic.org/statewide-survey/,2024-02-06 to 2024-02-13,"Q49. How much of the time do you think you can trust the federal government in Washington today to do that is right—just about always, most of the time, or only some of the time?","[""Just about always"", ""Most of the time"", ""Only some of the time"", ""None of the time"", ""Don't know""]","[0.034, 0.2422, 0.7058, 0.0084, 0.0096]","[0.0996, 0.1311, 0.3564, 0.2439, 0.169]","[0.264166, 0.319908, 0.281641, 0.088129, 0.046156]",5fold_oof_dirichlet_odir_v1.0.0,2
ppic_2024_feb_q50,state_surveys_v1,california,policy,state_survey,3,17.705,1.331,https://www.ppic.org/statewide-survey/,2024-02-06 to 2024-02-13,"Q50. Would you say the federal government is pretty much run by a few big interests looking out for themselves, or that it is run for the benefit of all of the people?","[""A few big interests"", ""Benefit of all of the people"", ""Don't know""]","[0.7997, 0.176, 0.0243]","[0.5341, 0.235, 0.2309]","[0.788031, 0.195963, 0.016006]",5fold_oof_dirichlet_odir_v1.0.0,0
ppic_2024_feb_q51,state_surveys_v1,california,policy,state_survey,4,10.656,9.375,https://www.ppic.org/statewide-survey/,2024-02-06 to 2024-02-13,"Q51. Do you think the people in the federal government waste a lot of the money we pay in taxes, wastes some of it, or don't waste much of it?","[""A lot"", ""Some"", ""Don't waste very much"", ""Don't know""]","[0.5778, 0.3538, 0.0572, 0.0112]","[0.3647, 0.3737, 0.1426, 0.1191]","[0.390304, 0.505561, 0.078569, 0.025566]",5fold_oof_dirichlet_odir_v1.0.0,4
ppic_2024_feb_q52,state_surveys_v1,california,directional,state_survey,3,19.526,8.965,https://www.ppic.org/statewide-survey/,2024-02-06 to 2024-02-13,"Q52. Turning to economic conditions, do you think that during the next 12 months the United States will have good time financially or bad times?","[""Good times"", ""Bad times"", ""Don't know""]","[0.3396, 0.6284, 0.032]","[0.2444, 0.4307, 0.3249]","[0.212941, 0.762874, 0.024185]",5fold_oof_dirichlet_odir_v1.0.0,2
ppic_2024_feb_q53,state_surveys_v1,california,policy,state_survey,5,11.404,11.158,https://www.ppic.org/statewide-survey/,2024-02-06 to 2024-02-13,"Q53. How much, influence, if any, do you feel you have over decision-making in…The United States?","[""A Great deal"", ""Some"", ""Not much"", ""None at all"", ""Don't know""]","[0.05, 0.151, 0.3927, 0.4029, 0.0035]","[0.1116, 0.2373, 0.3447, 0.1658, 0.1407]","[0.142814, 0.321597, 0.377162, 0.139438, 0.018989]",5fold_oof_dirichlet_odir_v1.0.0,0
ppic_2024_feb_q54,state_surveys_v1,california,policy,state_survey,5,10.431,10.421,https://www.ppic.org/statewide-survey/,2024-02-06 to 2024-02-13,"Q54. How much, influence, if any, do you feel you have over decision-making in…California?","[""A Great deal"", ""Some"", ""Not much"", ""None at all"", ""Don't know""]","[0.0539, 0.2152, 0.3727, 0.3547, 0.0035]","[0.1286, 0.2694, 0.3184, 0.1482, 0.1354]","[0.165005, 0.348118, 0.350354, 0.116513, 0.020009]",5fold_oof_dirichlet_odir_v1.0.0,0
ppic_2024_feb_q55,state_surveys_v1,california,policy,state_survey,5,7.826,5.469,https://www.ppic.org/statewide-survey/,2024-02-06 to 2024-02-13,"Q55. How much, influence, if any, do you feel you have over decision-making in…Your local area?","[""A Great deal"", ""Some"", ""Not much"", ""None at all"", ""Don't know""]","[0.0533, 0.3088, 0.3687, 0.2651, 0.004]","[0.1241, 0.2744, 0.3238, 0.1488, 0.1289]","[0.105039, 0.373014, 0.374276, 0.128413, 0.019258]",5fold_oof_dirichlet_odir_v1.0.0,1
ppic_2024_feb_q56,state_surveys_v1,california,policy,state_survey,5,9.903,7.098,https://www.ppic.org/statewide-survey/,2024-02-06 to 2024-02-13,"Q56. How satisfied are you with the way democracy is working in the United States? Are you very satisfied, somewhat satisfied, not too satisfied, or not at all satisfied?","[""Very satisfied"", ""Somewhat satisfied"", ""Not too satisfied"", ""Not at all satisfied"", ""Don't know""]","[0.0428, 0.339, 0.3829, 0.2165, 0.0188]","[0.1102, 0.1498, 0.3245, 0.2634, 0.152]","[0.109607, 0.196673, 0.347785, 0.3252, 0.020735]",5fold_oof_dirichlet_odir_v1.0.0,4
ppic_2024_feb_q57,state_surveys_v1,california,policy,state_survey,6,5.3,4.277,https://www.ppic.org/statewide-survey/,2024-02-06 to 2024-02-13,"Q57. Compared to five years ago, would you say that the way democracy is working in the United States today has got better, got worse or stayed the same?","[""Got a lot better"", ""Got a little better"", ""Stayed the same"", ""Got a little worse"", ""Got a lot worse"", ""Don't know""]","[0.0299, 0.1023, 0.2533, 0.2716, 0.3262, 0.0167]","[0.0944, 0.1277, 0.137, 0.2693, 0.2857, 0.0858]","[0.05698, 0.118556, 0.232948, 0.163645, 0.352326, 0.075545]",5fold_oof_dirichlet_odir_v1.0.0,3
ppic_2024_feb_q58,state_surveys_v1,california,policy,state_survey,3,13.714,4.954,https://www.ppic.org/statewide-survey/,2024-02-06 to 2024-02-13,"Q58. On another topic, please indicate which statement comes closest to your own view—even if neither is exactly right.  Immigrants today are a benefit to California because of their hard work and job skills OR Immigrants today are a burden to California b","[""Immigrants are a benefit to California"", ""Immigrants are a burden to California"", ""Don't know""]","[0.6009, 0.3808, 0.0183]","[0.4656, 0.3104, 0.224]","[0.675217, 0.307927, 0.016856]",5fold_oof_dirichlet_odir_v1.0.0,3
ppic_2024_feb_q59,state_surveys_v1,california,policy,state_survey,5,9.256,3.876,https://www.ppic.org/statewide-survey/,2024-02-06 to 2024-02-13,Q59.Do you think the current situation with migrants at the U.S.-Mexico border is… ?,"[""A crisis"", ""A very serious problem, but not a crisis"", ""A somewhat serious problem"", ""Not much of a problem"", ""Don't know""]","[0.3984, 0.296, 0.1935, 0.0987, 0.0134]","[0.2487, 0.2143, 0.2252, 0.1403, 0.1715]","[0.325897, 0.27161, 0.269574, 0.102255, 0.030664]",5fold_oof_dirichlet_odir_v1.0.0,2
ppic_2024_feb_q60,state_surveys_v1,california,policy,state_survey,3,18.904,3.816,https://www.ppic.org/statewide-survey/,2024-02-06 to 2024-02-13,"Q60. Which of the following, if any, are reasons you consider the current situation at the border to be a [crisis / very serious problem]?  How about your concerns about... National security?","[""Yes"", ""No"", ""Don't know""]","[0.7575, 0.2386, 0.0039]","[0.4739, 0.2872, 0.2389]","[0.700265, 0.274016, 0.025719]",5fold_oof_dirichlet_odir_v1.0.0,4
ppic_2024_feb_q61,state_surveys_v1,california,policy,state_survey,3,16.979,1.515,https://www.ppic.org/statewide-survey/,2024-02-06 to 2024-02-13,"Q61.Which of the following, if any, are reasons you consider the current situation at the border to be a [crisis / very serious problem]?  How about your concerns about... The lives and well-being of the migrants?","[""Yes"", ""No"", ""Don't know""]","[0.7476, 0.2501, 0.0023]","[0.4929, 0.2748, 0.2323]","[0.724877, 0.258303, 0.016821]",5fold_oof_dirichlet_odir_v1.0.0,0
ppic_2024_feb_q62,state_surveys_v1,california,policy,state_survey,3,14.9,11.325,https://www.ppic.org/statewide-survey/,2024-02-06 to 2024-02-13,"Q62. Which of the following, if any, are reasons you consider the current situation at the border to be a [crisis / very serious problem]?  How about your concerns about... Changes to U.S. culture and people?","[""Yes"", ""No"", ""Don't know""]","[0.4609, 0.533, 0.0061]","[0.4337, 0.3367, 0.2296]","[0.613214, 0.363126, 0.02366]",5fold_oof_dirichlet_odir_v1.0.0,4
ppic_2024_feb_q63,state_surveys_v1,california,policy,state_survey,4,14.74,6.187,https://www.ppic.org/statewide-survey/,2024-02-06 to 2024-02-13,Q63. If people cross the U.S.-Mexico border and ask for asylum - they say they are fleeing violence or their lives are in danger - what should U.S. policy toward them be? Should the U.S. rule be that they must:,"[""Remain in the U.S. while waiting for a court hearing to decide if they can stay legally or not"", ""Leave the U.S., then wait for a court to decide if they can return legally or not"", ""Leave the U.S. without a court hearing and no chance to return or stay legally"", ""Don't know""]","[0.4671, 0.4148, 0.0994, 0.0187]","[0.3168, 0.2703, 0.2031, 0.2098]","[0.467335, 0.291063, 0.181898, 0.059704]",5fold_oof_dirichlet_odir_v1.0.0,4
ppic_2024_feb_q64,state_surveys_v1,california,policy,state_survey,3,16.777,1.558,https://www.ppic.org/statewide-survey/,2024-02-06 to 2024-02-13,Q64. What should the U.S. focus on more when it comes to migrants seeking asylum at the U.S.-Mexico border?,"[""Making sure the process for who can be admitted or not is more efficient"", ""Making sure migrants cannot cross the border in the first place"", ""Don't know""]","[0.6724, 0.3203, 0.0073]","[0.4393, 0.3017, 0.259]","[0.662595, 0.306737, 0.030668]",5fold_oof_dirichlet_odir_v1.0.0,4
ppic_2024_feb_q65,state_surveys_v1,california,policy,state_survey,4,10.503,5.834,https://www.ppic.org/statewide-survey/,2024-02-06 to 2024-02-13,"Q65. Generally speaking, do you think the recent immigrants who have been crossing the U.S.-Mexico border will make American society…?","[""Better in the long run"", ""Worse in the long run"", ""Won't have much of an effect one way or the other"", ""Don't know""]","[0.2913, 0.3813, 0.3094, 0.0181]","[0.2574, 0.2655, 0.2489, 0.2281]","[0.374547, 0.337552, 0.236427, 0.051475]",5fold_oof_dirichlet_odir_v1.0.0,1
ppic_2024_feb_q66,state_surveys_v1,california,policy,state_survey,5,11.826,13.737,https://www.ppic.org/statewide-survey/,2024-02-06 to 2024-02-13,"Q66.  Do you favor the U.S. increasing, decreasing, or maintaining the same amount of military aid to Israel?","[""Increasing military aid to Israel"", ""Decreasing military aid to Israel"", ""Maintaining the same amount of military aid to Israel"", ""Not sure"", ""Don't know""]","[0.0888, 0.4011, 0.2541, 0.0, 0.2561]","[0.1918, 0.2028, 0.241, 0.1926, 0.1718]","[0.262867, 0.288455, 0.244218, 0.169307, 0.035153]",5fold_oof_dirichlet_odir_v1.0.0,0
ppic_2024_feb_q67,state_surveys_v1,california,policy,state_survey,5,8.495,12.112,https://www.ppic.org/statewide-survey/,2024-02-06 to 2024-02-13,"Q67. Do you favor the U.S. increasing, decreasing, or maintaining the same amount of humanitarian aid to the Palestinians?","[""Increasing humanitarian aid to the Palestinians"", ""Decreasing humanitarian aid to the Palestinians"", ""Maintaining the same amount humanitarian aid to the Palestinians"", ""Not sure"", ""Don't know""]","[0.2647, 0.2025, 0.23, 0.0, 0.3028]","[0.2951, 0.1665, 0.2055, 0.182, 0.1509]","[0.432298, 0.183978, 0.22353, 0.135211, 0.024983]",5fold_oof_dirichlet_odir_v1.0.0,2
ppic_2024_feb_q68,state_surveys_v1,california,policy,state_survey,6,10.613,11.779,https://www.ppic.org/statewide-survey/,2024-02-06 to 2024-02-13,Q68. Would you support or oppose Israel and Hamas agreeing to a ceasefire now?,"[""Strongly support"", ""Somewhat support"", ""Somewhat oppose"", ""Strongly oppose"", ""Not sure"", ""Don't know""]","[0.4739, 0.1591, 0.0714, 0.0, 0.2206, 0.075]","[0.2127, 0.2057, 0.1413, 0.1381, 0.1634, 0.1388]","[0.181077, 0.170598, 0.161404, 0.058606, 0.160065, 0.268249]",5fold_oof_dirichlet_odir_v1.0.0,3
ppic_2024_feb_q69,state_surveys_v1,california,policy,state_survey,4,1.179,12.203,https://www.ppic.org/statewide-survey/,2024-02-06 to 2024-02-13,"Q69. When it comes to Russia's invasion of Ukraine, do you think that the U.S. is providing: too much support to Ukraine, not enough support to Ukraine, or about the right amount of support to Ukraine? or are you not sure?","[""Too much support"", ""Not enough support"", ""About the right amount of support"", ""Not sure""]","[0.2516, 0.225, 0.2455, 0.278]","[0.2545, 0.2457, 0.2386, 0.2613]","[0.456354, 0.264255, 0.225739, 0.053652]",5fold_oof_dirichlet_odir_v1.0.0,0
ppic_2024_feb_q70,state_surveys_v1,california,policy,state_survey,5,9.032,12.857,https://www.ppic.org/statewide-survey/,2024-02-06 to 2024-02-13,Q70. How much of a threat to U.S. interests is Russia's invasion of Ukraine?,"[""A major threat"", ""A minor threat"", ""Not a threat"", ""Not sure"", ""Don't know""]","[0.3453, 0.2779, 0.1072, 0.0, 0.2696]","[0.3011, 0.2088, 0.1249, 0.2082, 0.1571]","[0.476338, 0.221036, 0.086412, 0.190385, 0.025829]",5fold_oof_dirichlet_odir_v1.0.0,2
ppic_2024_feb_q71,state_surveys_v1,california,policy,state_survey,3,12.023,0.987,https://www.ppic.org/statewide-survey/,2024-02-06 to 2024-02-13,Q71. Do you have a [ROTATE] (1) favorable or an (2) unfavorable impression of the Democratic Party?,"[""Favorable"", ""Unfavorable"", ""Don't know""]","[0.4232, 0.5484, 0.0284]","[0.355, 0.4363, 0.2087]","[0.422699, 0.563205, 0.014096]",5fold_oof_dirichlet_odir_v1.0.0,2
ppic_2024_feb_q72,state_surveys_v1,california,policy,state_survey,3,19.747,11.002,https://www.ppic.org/statewide-survey/,2024-02-06 to 2024-02-13,Q72. Do you have a [ROTATE] (1) favorable or an (2) unfavorable impression of the Republican Party?,"[""Favorable"", ""Unfavorable"", ""Don't know""]","[0.2257, 0.7484, 0.0259]","[0.3243, 0.4522, 0.2235]","[0.390724, 0.593107, 0.016169]",5fold_oof_dirichlet_odir_v1.0.0,2
ppic_2024_feb_q73,state_surveys_v1,california,policy,state_survey,3,14.697,2.480,https://www.ppic.org/statewide-survey/,2024-02-06 to 2024-02-13,"Q73. In your view, do the Republican and Democratic parties do an adequate job representing the American people, or do they do such a poor job that a third major party is needed?","[""Adequate job"", ""Third party is needed"", ""Don't know""]","[0.247, 0.7178, 0.0353]","[0.2392, 0.5051, 0.2557]","[0.284144, 0.695491, 0.020365]",5fold_oof_dirichlet_odir_v1.0.0,2
ppic_2024_feb_q75,state_surveys_v1,california,policy,state_survey,5,8.8,8.042,https://www.ppic.org/statewide-survey/,2024-02-06 to 2024-02-13,"Q75. Generally speaking, how much interest would you say you have in politics?","[""Great deal"", ""Fair amount"", ""Only a little"", ""None"", ""Don't know""]","[0.1588, 0.3289, 0.3002, 0.21, 0.002]","[0.2791, 0.288, 0.2129, 0.1182, 0.1017]","[0.323639, 0.348531, 0.22781, 0.081386, 0.018634]",5fold_oof_dirichlet_odir_v1.0.0,1
ppic_2024_feb_q76,state_surveys_v1,california,electoral,state_survey,6,12.631,8.537,https://www.ppic.org/statewide-survey/,2024-02-06 to 2024-02-13,"Q76. How often would you say you vote—always, nearly always, part of the time, seldom, or never?","[""Always"", ""Nearly always"", ""Part of the time"", ""Seldom"", ""Never"", ""Don't know""]","[0.476, 0.1789, 0.0795, 0.0495, 0.2142, 0.0019]","[0.2067, 0.2532, 0.21, 0.1669, 0.1046, 0.0586]","[0.370609, 0.28437, 0.152124, 0.120707, 0.06348, 0.00871]",5fold_oof_dirichlet_odir_v1.0.0,3
ppic_2024_feb_q77,state_surveys_v1,california,electoral,state_survey,3,24.132,8.766,https://www.ppic.org/statewide-survey/,2024-02-06 to 2024-02-13,Q77. Do you plan to vote in the statewide primary election on March 5th?,"[""Yes"", ""No"", ""Don't know""]","[0.878, 0.1084, 0.0137]","[0.516, 0.2417, 0.2424]","[0.746467, 0.214435, 0.039098]",5fold_oof_dirichlet_odir_v1.0.0,2
ppic_2024_feb_q77a,state_surveys_v1,california,policy,state_survey,4,19.431,16.978,https://www.ppic.org/statewide-survey/,2024-02-06 to 2024-02-13,"Q77a. Do you plan to vote at your local polling place, or by mail ballot?","[""Local polling place or vote center"", ""Mail ballot"", ""Already voted"", ""Don't know""]","[0.1803, 0.7945, 0.0215, 0.0036]","[0.2093, 0.4059, 0.2113, 0.1734]","[0.338909, 0.454995, 0.142972, 0.063124]",5fold_oof_dirichlet_odir_v1.0.0,4
ppic_2024_feb_q77b,state_surveys_v1,california,electoral,state_survey,4,28.627,16.564,https://www.ppic.org/statewide-survey/,2024-02-06 to 2024-02-13,Q77b. You've indicated that you already have voted in the statewide primary election. How did you do so?,"[""Early voting at a local polling place or vote center"", ""Ballot in mail"", ""Ballot in drop box location"", ""Don't know""]","[0.0, 0.925, 0.075, 0.0]","[0.2126, 0.3525, 0.2641, 0.1708]","[0.143055, 0.593724, 0.194325, 0.068896]",5fold_oof_dirichlet_odir_v1.0.0,4
ppic_2025_feb_q2,state_surveys_v1,california,political_approval,state_survey,3,15.734,5.236,https://www.ppic.org/statewide-survey/,2025-02-04 to 2025-02-11,"Q2. Overall, do you approve or disapprove of the way that Gavin Newsom is handling his job as governor of California?","[""Approve"", ""Disapprove"", ""Don't know""]","[0.5189, 0.4667, 0.0144]","[0.3257, 0.4239, 0.2504]","[0.440362, 0.51029, 0.049347]",5fold_oof_dirichlet_odir_v1.0.0,3
ppic_2025_feb_q3,state_surveys_v1,california,political_approval,state_survey,3,16.667,7.751,https://www.ppic.org/statewide-survey/,2025-02-04 to 2025-02-11,"Q3.Overall, do you approve or disapprove of the way that the California Legislature is handling its job?","[""Approve"", ""Disapprove"", ""Don't know""]","[0.4893, 0.4907, 0.0199]","[0.3177, 0.4123, 0.27]","[0.37308, 0.557138, 0.069783]",5fold_oof_dirichlet_odir_v1.0.0,4
ppic_2025_feb_q4,state_surveys_v1,california,policy,state_survey,3,14.6,1.519,https://www.ppic.org/statewide-survey/,2025-02-04 to 2025-02-11,"Q4. Do you think that Governor Newsom and the state legislature will be able to work together and accomplish a lot in the next year, or not?","[""Yes, will be able to work together"", ""No, will not be able to work together"", ""Don't know""]","[0.5916, 0.3881, 0.0203]","[0.4245, 0.3362, 0.2393]","[0.613787, 0.365318, 0.020895]",5fold_oof_dirichlet_odir_v1.0.0,2
ppic_2025_feb_q5,state_surveys_v1,california,directional,state_survey,3,14.732,9.438,https://www.ppic.org/statewide-survey/,2025-02-04 to 2025-02-11,Q5. Do you think things in California are generally going in the right direction or the wrong direction?,"[""Right direction"", ""Wrong direction"", ""Don't know""]","[0.4479, 0.5386, 0.0135]","[0.3058, 0.4597, 0.2345]","[0.306326, 0.675674, 0.018]",5fold_oof_dirichlet_odir_v1.0.0,1
ppic_2025_feb_q6,state_surveys_v1,california,directional,state_survey,3,19.398,3.317,https://www.ppic.org/statewide-survey/,2025-02-04 to 2025-02-11,"Q6. Turning to economic conditions in California, do you think that during the next 12 months we will have good times financially or bad times?","[""Good times"", ""Bad times"", ""Don't know""]","[0.2998, 0.6877, 0.0124]","[0.2557, 0.4408, 0.3034]","[0.250095, 0.724138, 0.025767]",5fold_oof_dirichlet_odir_v1.0.0,1
ppic_2025_feb_q7,state_surveys_v1,california,policy,state_survey,4,10.921,13.217,https://www.ppic.org/statewide-survey/,2025-02-04 to 2025-02-11,"Q7.Do you think the state budget situation in California—that is, the balance between government spending and revenues—is a big problem, somewhat of a problem, or not a problem for the people of California today?","[""Big problem"", ""Somewhat of a problem"", ""Not a problem"", ""Don't know""]","[0.3832, 0.5279, 0.0725, 0.0164]","[0.4452, 0.3095, 0.1185, 0.1268]","[0.64755, 0.282843, 0.056285, 0.013323]",5fold_oof_dirichlet_odir_v1.0.0,1
ppic_2025_feb_q8,state_surveys_v1,california,policy,state_survey,5,11.341,7.628,https://www.ppic.org/statewide-survey/,2025-02-04 to 2025-02-11,"Q8.Thinking about these four areas of state spending, I'd like you to name the one you think should have the highest priority when it comes to state government spending, [1] K--12 public education, [2] higher education, [3] health and human services,OR [4]","[""K-12 public education"", ""Higher education"", ""Health and human services"", ""Prisons and correction"", ""Don't know""]","[0.3988, 0.0575, 0.4649, 0.0731, 0.0057]","[0.313, 0.136, 0.2672, 0.1387, 0.1452]","[0.330582, 0.212738, 0.342419, 0.083493, 0.030769]",5fold_oof_dirichlet_odir_v1.0.0,0
ppic_2025_feb_q9,state_surveys_v1,california,policy,state_survey,3,10.698,2.710,https://www.ppic.org/statewide-survey/,2025-02-04 to 2025-02-11,"Q9.In general, which of the following statements do you agree with more- I'd rather pay higher taxes and have a state government that provides more services, OR I'd rather pay lower taxes and have a state government that provides fewer services?","[""Higher taxes and more services"", ""Lower taxes and fewer services"", ""Don't know""]","[0.4729, 0.5061, 0.021]","[0.3928, 0.4257, 0.1815]","[0.442869, 0.546748, 0.010383]",5fold_oof_dirichlet_odir_v1.0.0,2
ppic_2025_feb_q10,state_surveys_v1,california,policy,state_survey,5,17.952,12.173,https://www.ppic.org/statewide-survey/,2025-02-04 to 2025-02-11,Q10. Governor Newsom recently proposed a budget plan for the next fiscal year that includes $228.9 billion in general fund spending and $363 million surplus.  The governor's proposal—which also revises the existing budget— includes strengthening climate re,"[""Favor"", ""Oppose"", ""Haven't heard anything about the budget"", ""Don't know"", ""Prefer not to answer""]","[0.5854, 0.3886, 0.0091, 0.0169, 0.0]","[0.2757, 0.2495, 0.1459, 0.1856, 0.1433]","[0.376414, 0.293252, 0.132676, 0.163356, 0.034302]",5fold_oof_dirichlet_odir_v1.0.0,0
ppic_2025_feb_q11,state_surveys_v1,california,policy,state_survey,3,12.308,1.462,https://www.ppic.org/statewide-survey/,2025-02-04 to 2025-02-11,Q11.Governor Newsom has proposed to use $7.1 billion from the Budget Stabilization Account or,"[""Good idea"", ""Bad idea"", ""Don't know""]","[0.4414, 0.5221, 0.0365]","[0.3534, 0.4255, 0.2211]","[0.448146, 0.537289, 0.014565]",5fold_oof_dirichlet_odir_v1.0.0,1
ppic_2025_feb_q12,state_surveys_v1,california,policy,state_survey,3,19.702,8.606,https://www.ppic.org/statewide-survey/,2025-02-04 to 2025-02-11,"Q12. As part of the budget proposal, the governor proposes $2.7 billion for the first year if a multi-year expenditure to implement Proposition 4 ($10 billion Climate Bond). This includes $1 billion in safe drinking water, drought, flood and water resilien","[""Favor"", ""Oppose"", ""Don't know""]","[0.6997, 0.2688, 0.0315]","[0.4042, 0.3527, 0.2431]","[0.580585, 0.39789, 0.021525]",5fold_oof_dirichlet_odir_v1.0.0,2
ppic_2025_feb_q13,state_surveys_v1,california,policy,state_survey,4,6.321,11.050,https://www.ppic.org/statewide-survey/,2025-02-04 to 2025-02-11,"Q13.Next, how much of a problem is the threat of wildfires in your part of California? Is it a:","[""Big problem"", ""Somewhat of a problem"", ""Not much of a problem"", ""Don't know""]","[0.4563, 0.3541, 0.1861, 0.0035]","[0.4509, 0.2567, 0.1625, 0.1299]","[0.664558, 0.211996, 0.107195, 0.016251]",5fold_oof_dirichlet_odir_v1.0.0,1
ppic_2025_feb_q14,state_surveys_v1,california,policy,state_survey,4,12.69,18.924,https://www.ppic.org/statewide-survey/,2025-02-04 to 2025-02-11,"Q14. How serious is the threat of wildfires in your part of California to your personal and economic well-being—very serious, somewhat serious, or not too serious?","[""Very serious"", ""Somewhat serious"", ""Not too serious"", ""Don't know""]","[0.2975, 0.4053, 0.2908, 0.0064]","[0.4488, 0.2972, 0.1451, 0.1089]","[0.670269, 0.241371, 0.076253, 0.012107]",5fold_oof_dirichlet_odir_v1.0.0,1
ppic_2025_feb_q15,state_surveys_v1,california,policy,state_survey,5,15.312,12.048,https://www.ppic.org/statewide-survey/,2025-02-04 to 2025-02-11,Q15. How much confidence do you have in the government in terms of its readiness to respond to wildfires in your part of California?,"[""A great deal"", ""Only some"", ""Hardly any"", ""None"", ""Don't know""]","[0.2859, 0.4867, 0.2208, 0.0032, 0.0035]","[0.1166, 0.2732, 0.3324, 0.1446, 0.1333]","[0.095589, 0.375762, 0.386503, 0.122412, 0.019734]",5fold_oof_dirichlet_odir_v1.0.0,1
ppic_2025_feb_q16,state_surveys_v1,california,policy,state_survey,5,7.39,3.871,https://www.ppic.org/statewide-survey/,2025-02-04 to 2025-02-11,Q16. How concerned are you about climate change causing wildfires in the future that are more severe?,"[""Very concerned"", ""Somewhat concerned"", ""Not too concerned"", ""Not at all concerned"", ""Don't know""]","[0.4598, 0.3183, 0.1133, 0.106, 0.0025]","[0.3622, 0.2311, 0.1503, 0.115, 0.1413]","[0.506696, 0.266517, 0.129653, 0.061067, 0.036067]",5fold_oof_dirichlet_odir_v1.0.0,4
ppic_2025_feb_q17,state_surveys_v1,california,policy,state_survey,16,4.531,4.531,https://www.ppic.org/statewide-survey/,2025-02-04 to 2025-02-11,"Q17. In your opinion, what is the most important problem facing the US today?","[""Economy, unemployment, and jobs"", ""War and foreign conflicts"", ""Immigration"", ""Terrorism and extremism"", ""Healthcare system"", ""Public health, disease, and illness"", ""Energy issues"", ""Morality"", ""Crime or corruption"", ""Environment and climate"", ""Inequality and discrimination"", ""Abortion issues"", ""Political extremism or threats to democracy"", ""Other (specify)"", ""Don't know"", ""Prefer not to answer""]","[0.1944, 0.0174, 0.1529, 0.0161, 0.0497, 0.0218, 0.007, 0.0326, 0.0775, 0.0478, 0.0508, 0.0081, 0.321, 0.0011, 0.0017, 0.0]","[0.1128, 0.0649, 0.1066, 0.0619, 0.0969, 0.0565, 0.0156, 0.0349, 0.0556, 0.0879, 0.0727, 0.0355, 0.1084, 0.0419, 0.0117, 0.0362]","[0.1128, 0.0649, 0.1066, 0.0619, 0.0969, 0.0565, 0.0156, 0.0349, 0.0556, 0.0879, 0.0727, 0.0355, 0.1084, 0.0419, 0.0117, 0.0362]",5fold_oof_dirichlet_odir_v1.0.0,0
ppic_2025_feb_q18,state_surveys_v1,california,directional,state_survey,3,21.667,14.614,https://www.ppic.org/statewide-survey/,2025-02-04 to 2025-02-11,Q18. Do you think things in the United States are generally going in the right direction or the wrong direction?,"[""Right direction"", ""Wrong direction"", ""Don't know""]","[0.23, 0.7599, 0.0101]","[0.3294, 0.4349, 0.2357]","[0.443175, 0.540691, 0.016134]",5fold_oof_dirichlet_odir_v1.0.0,0
ppic_2025_feb_q19,state_surveys_v1,california,directional,state_survey,3,19.825,1.765,https://www.ppic.org/statewide-survey/,2025-02-04 to 2025-02-11,"Q19. Turning to economic conditions, do you think that during the next 12 months the United States will have good times financially or bad times?","[""Good times"", ""Bad times"", ""Don't know""]","[0.2651, 0.7157, 0.0192]","[0.2754, 0.4183, 0.3062]","[0.283393, 0.689224, 0.027383]",5fold_oof_dirichlet_odir_v1.0.0,1
ppic_2025_feb_q20,state_surveys_v1,california,political_approval,state_survey,3,19.503,14.086,https://www.ppic.org/statewide-survey/,2025-02-04 to 2025-02-11,"Q20.Overall, do you approve or disapprove of the way that Donald Trump is handling his job as president?","[""Approve"", ""Disapprove"", ""Don't know""]","[0.297, 0.692, 0.011]","[0.3463, 0.3995, 0.2543]","[0.459511, 0.480709, 0.05978]",5fold_oof_dirichlet_odir_v1.0.0,0
ppic_2025_feb_q21,state_surveys_v1,california,policy,state_survey,5,10.702,9.171,https://www.ppic.org/statewide-survey/,2025-02-04 to 2025-02-11,"Q21. How much confidence do you have in President Trump to make the right decisions for the country's future—a great deal of confidence, a good amount, just some, or none at all?","[""Great deal of confidence"", ""A good amount"", ""Just some"", ""None at all"", ""Don't know""]","[0.1494, 0.132, 0.1654, 0.5521, 0.0011]","[0.1519, 0.1771, 0.2267, 0.2846, 0.1598]","[0.199876, 0.239377, 0.212267, 0.322825, 0.025656]",5fold_oof_dirichlet_odir_v1.0.0,0
ppic_2025_feb_q22,state_surveys_v1,california,policy,state_survey,3,16.418,2.846,https://www.ppic.org/statewide-survey/,2025-02-04 to 2025-02-11,"Q22. Which of these two statements comes closer to your point of view: the country will be able to unite behind Donald Trump, who will be able to accomplish a lot in the next four years; OR the country will be divided, and it will be hard for Donald Trump","[""Country will be able to unite"", ""Country will be divided"", ""Don't know""]","[0.2147, 0.7734, 0.0118]","[0.2476, 0.5272, 0.2252]","[0.251163, 0.730759, 0.018077]",5fold_oof_dirichlet_odir_v1.0.0,4
ppic_2025_feb_q23,state_surveys_v1,california,political_approval,state_survey,3,19.507,14.818,https://www.ppic.org/statewide-survey/,2025-02-04 to 2025-02-11,"Q23. Overall, do you approve or disapprove of the way the U.S. Congress is handling its job?","[""Approve"", ""Disapprove"", ""Don't know""]","[0.2, 0.7785, 0.0215]","[0.2407, 0.4859, 0.2734]","[0.379042, 0.556234, 0.064724]",5fold_oof_dirichlet_odir_v1.0.0,3
ppic_2025_feb_q24,state_surveys_v1,california,policy,state_survey,3,14.747,2.521,https://www.ppic.org/statewide-survey/,2025-02-04 to 2025-02-11,"Q24. Do you think that President Trump and the U.S. Congress will be able to work together and accomplish a lot in the next year, or not?","[""Yes, will be able to work together"", ""No, will not be able to work together"", ""Don't know""]","[0.3881, 0.588, 0.024]","[0.327, 0.4278, 0.2452]","[0.42587, 0.554647, 0.019483]",5fold_oof_dirichlet_odir_v1.0.0,1
ppic_2025_feb_q25,state_surveys_v1,california,policy,state_survey,4,7.544,9.790,https://www.ppic.org/statewide-survey/,2025-02-04 to 2025-02-11,"Q25. Generally, what's the better situation: that a president's political party also has a controlling majority in Congress, or that one party controls the White House while the other party controls the Congress, or don't you think it matters too much one","[""President's party controls Congress"", ""One party controls each"", ""Don't think it matters too much"", ""Don't know""]","[0.2783, 0.41, 0.285, 0.0267]","[0.2958, 0.2785, 0.2657, 0.1601]","[0.448059, 0.260529, 0.238669, 0.052742]",5fold_oof_dirichlet_odir_v1.0.0,4
ppic_2025_feb_q26,state_surveys_v1,california,policy,state_survey,5,7.671,4.252,https://www.ppic.org/statewide-survey/,2025-02-04 to 2025-02-11,"Q26. How satisfied are you with the way democracy is working in the United States? Are you very satisfied, somewhat satisfied, not too satisfied, or not at all satisfied?","[""Very satisfied"", ""Somewhat satisfied"", ""Not too satisfied"", ""Not at all satisfied"", ""Don't know""]","[0.0637, 0.2657, 0.3558, 0.3068, 0.008]","[0.1231, 0.1637, 0.3025, 0.2703, 0.1404]","[0.125577, 0.202376, 0.312817, 0.339413, 0.019817]",5fold_oof_dirichlet_odir_v1.0.0,4
ppic_2025_feb_q27,state_surveys_v1,california,policy,state_survey,5,7.51,5.911,https://www.ppic.org/statewide-survey/,2025-02-04 to 2025-02-11,Q27. How much confidence do you have in the future of the U.S. political system?,"[""A lot"", ""Some"", ""Not too much"", ""None at all"", ""Don't know""]","[0.074, 0.3086, 0.3807, 0.2327, 0.0041]","[0.1196, 0.2008, 0.3761, 0.1573, 0.1462]","[0.105117, 0.271492, 0.482164, 0.121994, 0.019233]",5fold_oof_dirichlet_odir_v1.0.0,2
ppic_2025_feb_q28,state_surveys_v1,california,policy,state_survey,4,10.041,8.954,https://www.ppic.org/statewide-survey/,2025-02-04 to 2025-02-11,"Q28. Next, do you think that global climate change is a major threat, a minor threat or not a threat to the well-being of the United States?","[""Major threat"", ""Minor threat"", ""Not a threat"", ""Don't know""]","[0.5843, 0.2764, 0.1279, 0.0113]","[0.3927, 0.2672, 0.1755, 0.1646]","[0.405265, 0.39716, 0.157758, 0.039817]",5fold_oof_dirichlet_odir_v1.0.0,2
ppic_2025_feb_q29,state_surveys_v1,california,policy,state_survey,4,9.326,5.521,https://www.ppic.org/statewide-survey/,2025-02-04 to 2025-02-11,"Q29. Do you think the federal government is doing more than enough, just enough, or not enough to address climate change?","[""More than enough"", ""Just enough"", ""Not enough"", ""Don't know""]","[0.1638, 0.2197, 0.6033, 0.0133]","[0.1753, 0.2038, 0.4327, 0.1883]","[0.202753, 0.185783, 0.526753, 0.084711]",5fold_oof_dirichlet_odir_v1.0.0,2
ppic_2025_feb_q30,state_surveys_v1,california,policy,state_survey,3,12.209,1.916,https://www.ppic.org/statewide-survey/,2025-02-04 to 2025-02-11,"Q30. Do you support or oppose Donald Trump's decision to withdraw from the Paris Agreement, which is the international agreement that tries to address climate change?","[""Support"", ""Oppose"", ""Don't know""]","[0.2851, 0.6915, 0.0234]","[0.296, 0.5084, 0.1956]","[0.313846, 0.676137, 0.010017]",5fold_oof_dirichlet_odir_v1.0.0,1
ppic_2025_feb_q31,state_surveys_v1,california,policy,state_survey,4,22.578,17.803,https://www.ppic.org/statewide-survey/,2025-02-04 to 2025-02-11,"Q31. Right now, which ONE of the following do you think should be the more important priority for addressing America's energy supply:","[""Developing alternative energy sources such as wind, solar, and hydrogen technology"", ""Expanding exploration and production of oil, coil, and natural gas"", ""Both"", ""Don't know""]","[0.7056, 0.27, 0.0046, 0.0198]","[0.254, 0.2934, 0.2934, 0.1592]","[0.349532, 0.322301, 0.269554, 0.058613]",5fold_oof_dirichlet_odir_v1.0.0,2
ppic_2025_feb_q32,state_surveys_v1,california,policy,state_survey,3,12.669,8.612,https://www.ppic.org/statewide-survey/,2025-02-04 to 2025-02-11,"Q32. Do you favor or oppose the California state government making its own policies, separate from the federal government, to address the issue of global warming?","[""Favor"", ""Oppose"", ""Don't know""]","[0.6199, 0.3522, 0.028]","[0.5102, 0.2718, 0.218]","[0.749023, 0.235772, 0.015205]",5fold_oof_dirichlet_odir_v1.0.0,3
ppic_2025_feb_q33,state_surveys_v1,california,policy,state_survey,3,17.875,4.065,https://www.ppic.org/statewide-survey/,2025-02-04 to 2025-02-11,"Q33. On another topic, please indicate which statement comes closest to your own view—even if neither is exactly right?","[""Immigrants are a benefit to California"", ""Immigrants are a burden to California"", ""Don't know""]","[0.7151, 0.2717, 0.0132]","[0.447, 0.3142, 0.2389]","[0.654121, 0.328123, 0.017757]",5fold_oof_dirichlet_odir_v1.0.0,1
ppic_2025_feb_q34,state_surveys_v1,california,policy,state_survey,3,21.574,11.165,https://www.ppic.org/statewide-survey/,2025-02-04 to 2025-02-11,Q34. Which comes closer to your view about how to handle undocumented immigrants who are living in the US?,"[""Allowed to stay legally"", ""Not allowed to stay legally"", ""Don't know""]","[0.7336, 0.2565, 0.0099]","[0.41, 0.3611, 0.2289]","[0.566131, 0.410556, 0.023313]",5fold_oof_dirichlet_odir_v1.0.0,4
ppic_2025_feb_q35,state_surveys_v1,california,policy,state_survey,3,19.422,2.785,https://www.ppic.org/statewide-survey/,2025-02-04 to 2025-02-11,"Q35. Thinking about undocumented immigrants brought to the U.S. as children, do you favor or oppose the protections given by ""DACA""—Deferred Action for Childhood Arrivals—which includes protection from deportation and a work permit, if they pass a backgrou","[""Favor"", ""Oppose"", ""Don't know""]","[0.7919, 0.192, 0.0161]","[0.5006, 0.2574, 0.242]","[0.750126, 0.23116, 0.018715]",5fold_oof_dirichlet_odir_v1.0.0,0
ppic_2025_feb_q36,state_surveys_v1,california,policy,state_survey,3,13.011,5.362,https://www.ppic.org/statewide-survey/,2025-02-04 to 2025-02-11,"Q36. Do you favor or oppose the California state and local governments making their own policies and taking actions, separate from the federal government, to protect the legal rights of undocumented immigrants in California?","[""Favor"", ""Oppose"", ""Don't know""]","[0.6346, 0.3465, 0.0188]","[0.4992, 0.2868, 0.214]","[0.715077, 0.272079, 0.012844]",5fold_oof_dirichlet_odir_v1.0.0,1
ppic_2025_feb_q37,state_surveys_v1,california,civic_legal,state_survey,5,10.315,8.389,https://www.ppic.org/statewide-survey/,2025-02-04 to 2025-02-11,"Q37. When it comes to increased federal immigration enforcement, how much do you worry that someone that you know could be deported? Would you say that you worry a lot, some, not much, or not at all?","[""A lot"", ""Some"", ""Not too much"", ""Not at all"", ""Don't know""]","[0.2015, 0.2344, 0.2446, 0.3121, 0.0075]","[0.2352, 0.3351, 0.1866, 0.1121, 0.1309]","[0.29066, 0.304311, 0.198912, 0.148011, 0.058106]",5fold_oof_dirichlet_odir_v1.0.0,1
ppic_2025_feb_q38,state_surveys_v1,california,policy,state_survey,5,4.286,2.909,https://www.ppic.org/statewide-survey/,2025-02-04 to 2025-02-11,"Q38. Thinking about the issue of immigration, how much would you favor or oppose the following US immigration policies? Declaring a national emergency at the US southern border","[""Strongly support"", ""Somewhat support"", ""Somewhat oppose"", ""Strongly oppose"", ""Don't know""]","[0.2169, 0.2299, 0.2379, 0.3043, 0.011]","[0.2056, 0.1872, 0.2079, 0.2811, 0.1181]","[0.260244, 0.22168, 0.173396, 0.323053, 0.021626]",5fold_oof_dirichlet_odir_v1.0.0,1
ppic_2025_feb_q39,state_surveys_v1,california,policy,state_survey,5,8.404,6.040,https://www.ppic.org/statewide-survey/,2025-02-04 to 2025-02-11,"Q39. Thinking about the issue of immigration, how much would you favor or oppose the following US immigration policies? Ending the automatic granting of citizenship to children born in the US to undocumented immigrants","[""Strongly support"", ""Somewhat support"", ""Somewhat oppose"", ""Strongly oppose"", ""Don't know""]","[0.1834, 0.1368, 0.1556, 0.5142, 0.0101]","[0.1843, 0.1771, 0.22, 0.304, 0.1145]","[0.209027, 0.217729, 0.194711, 0.363155, 0.015378]",5fold_oof_dirichlet_odir_v1.0.0,3
ppic_2025_feb_q40,state_surveys_v1,california,policy,state_survey,5,3.648,2.881,https://www.ppic.org/statewide-survey/,2025-02-04 to 2025-02-11,"Q40. Thinking about the issue of immigration, how much would you favor or oppose the following US immigration policies? Ending asylum entirely and closing the border to those without legal status","[""Strongly support"", ""Somewhat support"", ""Somewhat oppose"", ""Strongly oppose"", ""Don't know""]","[0.1822, 0.2171, 0.2554, 0.3336, 0.0118]","[0.1873, 0.1769, 0.225, 0.313, 0.0979]","[0.197189, 0.196903, 0.203855, 0.390584, 0.011468]",5fold_oof_dirichlet_odir_v1.0.0,3
ppic_2025_feb_q41,state_surveys_v1,california,electoral,state_survey,3,21.222,3.370,https://www.ppic.org/statewide-survey/,2025-02-04 to 2025-02-11,Q41.Some people are registered to vote and others are not. Are you absolutely certain that you are registered to vote in California?,"[""Yes"", ""No"", ""Don't know""]","[0.7719, 0.2236, 0.0046]","[0.4535, 0.2672, 0.2793]","[0.791417, 0.173, 0.035583]",5fold_oof_dirichlet_odir_v1.0.0,4
ppic_2025_feb_q41a,state_surveys_v1,california,policy,state_survey,5,11.148,5.596,https://www.ppic.org/statewide-survey/,2025-02-04 to 2025-02-11,"Q41a.Are you registered as a Democrat, a Republican, another party, or are you registered as a decline-to-state or independent voter? We understand and respect that this information is confidential, we ask only for nonpartisan research purposes and will k","[""Democrat"", ""Republican"", ""Another party  [SPECIFY]"", ""Decline-to-state/independent"", ""Don't know""]","[0.4655, 0.2421, 0.0184, 0.274, 0.0]","[0.237, 0.2131, 0.1446, 0.2528, 0.1525]","[0.355095, 0.274127, 0.092766, 0.244512, 0.033499]",5fold_oof_dirichlet_odir_v1.0.0,3
ppic_2025_feb_q42,state_surveys_v1,california,policy,state_survey,3,14.146,1.693,https://www.ppic.org/statewide-survey/,2025-02-04 to 2025-02-11,Q42. Would you call yourself a strong Democrat or not a very strong Democrat?,"[""Strong"", ""Not very strong"", ""Don't know""]","[0.568, 0.4284, 0.0036]","[0.407, 0.3772, 0.2158]","[0.542601, 0.436973, 0.020426]",5fold_oof_dirichlet_odir_v1.0.0,4
ppic_2025_feb_q42a,state_surveys_v1,california,policy,state_survey,3,18.649,11.026,https://www.ppic.org/statewide-survey/,2025-02-04 to 2025-02-11,Q42a. Would you call yourself a strong Republican or not a very strong Republican?,"[""Strong"", ""Not very strong"", ""Don't know""]","[0.6196, 0.3804, 0.0]","[0.3399, 0.4162, 0.2439]","[0.454205, 0.525119, 0.020676]",5fold_oof_dirichlet_odir_v1.0.0,2
ppic_2025_feb_q42b,state_surveys_v1,california,policy,state_survey,4,9.354,17.090,https://www.ppic.org/statewide-survey/,2025-02-04 to 2025-02-11,Q42b. Do you think of yourself as closer to the Republican Party or Democratic Party?,"[""Republican Party"", ""Democratic Party"", ""Neither"", ""Don't know""]","[0.1397, 0.32, 0.4331, 0.1072]","[0.2808, 0.3359, 0.246, 0.1373]","[0.441444, 0.360058, 0.172192, 0.026307]",5fold_oof_dirichlet_odir_v1.0.0,1
ppic_2025_feb_q44,state_surveys_v1,california,policy,state_survey,5,8.334,7.521,https://www.ppic.org/statewide-survey/,2025-02-04 to 2025-02-11,"Q44. Generally speaking, how much interest would you say you have in politics?","[""Great deal"", ""Fair amount"", ""Only a little"", ""None"", ""Don't know""]","[0.1961, 0.3369, 0.3247, 0.142, 0.0004]","[0.3083, 0.2792, 0.2016, 0.1144, 0.0965]","[0.370631, 0.300968, 0.241284, 0.073277, 0.01384]",5fold_oof_dirichlet_odir_v1.0.0,2
ppic_2025_feb_q45,state_surveys_v1,california,electoral,state_survey,6,11.74,6.963,https://www.ppic.org/statewide-survey/,2025-02-04 to 2025-02-11,"Q45. How often would you say you vote—always, nearly always, part of the time, seldom, or never?","[""Always"", ""Nearly always"", ""Part of the time"", ""Seldom"", ""Never"", ""Don't know""]","[0.4792, 0.1762, 0.0996, 0.0478, 0.194, 0.0032]","[0.2188, 0.2629, 0.2099, 0.1529, 0.1021, 0.0533]","[0.411423, 0.289916, 0.144901, 0.094015, 0.052895, 0.00685]",5fold_oof_dirichlet_odir_v1.0.0,3
ppic_2026_feb_q1,state_surveys_v1,california,policy,state_survey,17,4.274,4.274,https://www.ppic.org/statewide-survey/,2026-02-03 to 2026-02-11,"Q1. First, which one issue facing California today do you think is the most important for the governor and state legislature to work on in 2026?","[""Crime"", ""Economy, jobs, unemployment"", ""Education, schools, teachers"", ""Environment, pollution, global warming"", ""Government in general, problems with elected officials, political parties"", ""Health care, health insurance, health costs, prescription drug costs, Affordable Care Act"", ""Homelessness"", ""Housing costs, housing availability"", ""Immigration"", ""State budget, deficit, taxes, state spending"", ""Water, water quality, water availability, drought"", ""Wildfires, fires"", ""Cost of living, inflation"", ""Threats to democracy or political extremism"", ""Other (specify)"", ""Don't know"", ""Prefer not to answer""]","[0.0316, 0.0, 0.0225, 0.0182, 0.0848, 0.0511, 0.0624, 0.1089, 0.0766, 0.1027, 0.009, 0.0092, 0.3189, 0.0992, 0.0027, 0.0023, 0.0]","[0.0702, 0.092, 0.0788, 0.0592, 0.0879, 0.0698, 0.0348, 0.0632, 0.0498, 0.07, 0.0161, 0.0305, 0.1486, 0.0391, 0.0275, 0.0306, 0.0321]","[0.0702, 0.092, 0.0788, 0.0592, 0.0879, 0.0698, 0.0348, 0.0632, 0.0498, 0.07, 0.0161, 0.0305, 0.1486, 0.0391, 0.0275, 0.0306, 0.0321]",5fold_oof_dirichlet_odir_v1.0.0,2
ppic_2026_feb_q2,state_surveys_v1,california,political_approval,state_survey,3,16.101,7.147,https://www.ppic.org/statewide-survey/,2026-02-03 to 2026-02-11,"Q2. Overall, do you approve or disapprove of the way that Gavin Newsom is handling his job as governor of California?","[""Approve"", ""Disapprove"", ""Don't know""]","[0.5119, 0.471, 0.0171]","[0.3502, 0.3912, 0.2586]","[0.404688, 0.531998, 0.063314]",5fold_oof_dirichlet_odir_v1.0.0,4
ppic_2026_feb_q3,state_surveys_v1,california,political_approval,state_survey,3,16.961,4.045,https://www.ppic.org/statewide-survey/,2026-02-03 to 2026-02-11,"Q3. Overall, do you approve or disapprove of the way that the California Legislature is handling its job?","[""Approve"", ""Disapprove"", ""Don't know""]","[0.4585, 0.5099, 0.0315]","[0.3255, 0.3885, 0.286]","[0.406633, 0.501139, 0.092227]",5fold_oof_dirichlet_odir_v1.0.0,2
ppic_2026_feb_q4,state_surveys_v1,california,policy,state_survey,3,16.821,1.490,https://www.ppic.org/statewide-survey/,2026-02-03 to 2026-02-11,"Q4. Do you think that Governor Newsom and the state legislature will be able to work together and accomplish a lot in the next year, or not?","[""Yes, will be able to work together"", ""No, will not be able to work together"", ""Don't know""]","[0.5616, 0.4128, 0.0256]","[0.3629, 0.3592, 0.2779]","[0.539255, 0.432853, 0.027892]",5fold_oof_dirichlet_odir_v1.0.0,1
ppic_2026_feb_q5,state_surveys_v1,california,directional,state_survey,3,15.295,5.744,https://www.ppic.org/statewide-survey/,2026-02-03 to 2026-02-11,Q5. Do you think things in California are generally going in the right direction or the wrong direction?,"[""Right direction"", ""Wrong direction"", ""Don't know""]","[0.4387, 0.5435, 0.0178]","[0.3312, 0.4216, 0.2472]","[0.352539, 0.626937, 0.020524]",5fold_oof_dirichlet_odir_v1.0.0,1
ppic_2026_feb_q6,state_surveys_v1,california,directional,state_survey,3,18.574,1.302,https://www.ppic.org/statewide-survey/,2026-02-03 to 2026-02-11,"Q6. Turning to economic conditions in California, do you think that during the next 12 months we will have good times financially or bad times?","[""Good times"", ""Bad times"", ""Don't know""]","[0.2676, 0.7077, 0.0247]","[0.2659, 0.4308, 0.3033]","[0.250582, 0.727229, 0.022189]",5fold_oof_dirichlet_odir_v1.0.0,2
ppic_2026_feb_q7,state_surveys_v1,california,policy,state_survey,6,10.264,6.729,https://www.ppic.org/statewide-survey/,2026-02-03 to 2026-02-11,"Q7. Looking ahead six months from now, do you expect the economy in your local area to be [ROTATE] [1] much stronger, [2] somewhat stronger, [3] about the same, [4] somewhat weaker, or [5] much weaker than it is now?","[""Much stronger"", ""Somewhat stronger"", ""About the same"", ""Somewhat weaker"", ""Much weaker"", ""Don't know""]","[0.0153, 0.078, 0.4922, 0.3013, 0.1085, 0.0046]","[0.1116, 0.1459, 0.1889, 0.2968, 0.1828, 0.0741]","[0.060348, 0.126018, 0.356468, 0.235207, 0.168872, 0.053088]",5fold_oof_dirichlet_odir_v1.0.0,3
ppic_2026_feb_q8,state_surveys_v1,california,policy,state_survey,6,12.574,7.333,https://www.ppic.org/statewide-survey/,2026-02-03 to 2026-02-11,"Q8. Looking ahead six months from now, do you expect your personal financial situation to be [ROTATE] [1] much stronger, [2] somewhat stronger, [3] about the same, [4] somewhat weaker, or [5] much weaker than it is now?","[""Much stronger"", ""Somewhat stronger"", ""About the same"", ""Somewhat weaker"", ""Much weaker"", ""Don't know""]","[0.0306, 0.1528, 0.5782, 0.1795, 0.0545, 0.0044]","[0.1094, 0.1377, 0.2161, 0.286, 0.1742, 0.0766]","[0.055363, 0.115721, 0.395296, 0.228562, 0.150045, 0.055013]",5fold_oof_dirichlet_odir_v1.0.0,3
ppic_2026_feb_q9,state_surveys_v1,california,policy,state_survey,3,12.759,1.355,https://www.ppic.org/statewide-survey/,2026-02-03 to 2026-02-11,Q9. Do you feel like your income is or is not keeping up with inflation?,"[""Yes, it is"", ""No, it isn't"", ""Don't know""]","[0.2846, 0.7087, 0.0068]","[0.275, 0.5269, 0.1981]","[0.264227, 0.72463, 0.011143]",5fold_oof_dirichlet_odir_v1.0.0,3
ppic_2026_feb_q10,state_surveys_v1,california,policy,state_survey,5,12.56,14.703,https://www.ppic.org/statewide-survey/,2026-02-03 to 2026-02-11,"Q10. How concerned are you, if at all, about not having enough money to pay your rent or mortgage?","[""Very concerned"", ""Somewhat concerned"", ""Not too concerned"", ""Not at all concerned"", ""Don't know""]","[0.1467, 0.2718, 0.2981, 0.2809, 0.0024]","[0.3291, 0.2806, 0.1601, 0.1049, 0.1252]","[0.425167, 0.332155, 0.149796, 0.061681, 0.031202]",5fold_oof_dirichlet_odir_v1.0.0,4
ppic_2026_feb_q11,state_surveys_v1,california,policy,state_survey,4,9.137,7.924,https://www.ppic.org/statewide-survey/,2026-02-03 to 2026-02-11,"Q11. Do you think the state budget situation in California?that is, the balance between government spending and revenues?is a big problem, somewhat of a problem, or not a problem for the people of California today?","[""Big problem"", ""Somewhat of a problem"", ""Not a problem"", ""Don't know""]","[0.4348, 0.4839, 0.0662, 0.0151]","[0.4403, 0.3012, 0.1231, 0.1354]","[0.590192, 0.325427, 0.066498, 0.017883]",5fold_oof_dirichlet_odir_v1.0.0,3
ppic_2026_feb_q12,state_surveys_v1,california,policy,state_survey,5,11.39,7.519,https://www.ppic.org/statewide-survey/,2026-02-03 to 2026-02-11,"Q12. Thinking about these four areas of state spending, I?d like you to name the one you think should have the highest priority when it comes to state government spending:","[""K-12 public education"", ""Higher education"", ""Health and human services"", ""Prisons and correction"", ""Don't know""]","[0.3706, 0.0611, 0.4884, 0.0697, 0.0101]","[0.281, 0.1364, 0.2933, 0.1335, 0.1558]","[0.30268, 0.218681, 0.368391, 0.078015, 0.032233]",5fold_oof_dirichlet_odir_v1.0.0,0
ppic_2026_feb_q13,state_surveys_v1,california,policy,state_survey,3,14.606,6.595,https://www.ppic.org/statewide-survey/,2026-02-03 to 2026-02-11,"Q13. In general, which of the following statements do you agree with more?","[""Higher taxes and more services"", ""Lower taxes and fewer services"", ""Don't know""]","[0.4404, 0.5477, 0.0119]","[0.3892, 0.3798, 0.231]","[0.527702, 0.448779, 0.023519]",5fold_oof_dirichlet_odir_v1.0.0,4
ppic_2026_feb_q14,state_surveys_v1,california,policy,state_survey,4,17.451,15.429,https://www.ppic.org/statewide-survey/,2026-02-03 to 2026-02-11,"Q14. Governor Newsom recently released a budget proposal for 2026-27 that includes $248.3 billion in General Fund spending...In general, do you favor or oppose the governor?s budget proposal?","[""Favor"", ""Oppose"", ""Haven't heard anything about the budget"", ""Don't know""]","[0.6209, 0.3445, 0.0156, 0.0191]","[0.2718, 0.3971, 0.1234, 0.2077]","[0.312273, 0.589472, 0.063929, 0.034326]",5fold_oof_dirichlet_odir_v1.0.0,3
ppic_2026_feb_q15,state_surveys_v1,california,policy,state_survey,5,10.622,9.573,https://www.ppic.org/statewide-survey/,2026-02-03 to 2026-02-11,"Q15. As you may know, the state government currently has an annual general fund budget of around $248 billion dollars and faces a $2.9 billion-dollar gap between spending and revenues. How would you prefer to deal with the state's budget gap?","[""Mostly through spending cuts"", ""Mostly through tax increases"", ""Through a mix of spending cuts and tax increases"", ""Okay to borrow money and run a budget deficit"", ""Don't know""]","[0.4324, 0.0802, 0.3917, 0.0749, 0.0207]","[0.2282, 0.1473, 0.3304, 0.1456, 0.1485]","[0.194568, 0.192852, 0.507443, 0.085882, 0.019254]",5fold_oof_dirichlet_odir_v1.0.0,3
ppic_2026_feb_q16,state_surveys_v1,california,policy,state_survey,3,13.548,9.193,https://www.ppic.org/statewide-survey/,2026-02-03 to 2026-02-11,"Q16. Recent federal legislation, the ?One Big Beautiful Bill Act,? reduces funding for programs many Californians rely on...Do you favor or oppose the state using its own funds to help offset the federal cuts to health and social service programs?","[""Favor"", ""Oppose"", ""Don't know""]","[0.546, 0.4326, 0.0214]","[0.475, 0.3003, 0.2246]","[0.683899, 0.300607, 0.015494]",5fold_oof_dirichlet_odir_v1.0.0,0
ppic_2026_feb_q16a,state_surveys_v1,california,policy,state_survey,3,22.487,21.203,https://www.ppic.org/statewide-survey/,2026-02-03 to 2026-02-11,"Q16a. Last year the US government ended electric vehicle tax credits, reducing federal support for electric vehicle purchases. California?s proposed 2026?27 state budget includes $200 million in state funding for electric vehicle incentives to help offset","[""Favor"", ""Oppose"", ""Don't know""]","[0.3236, 0.6555, 0.0209]","[0.4341, 0.3182, 0.2477]","[0.641639, 0.338646, 0.019715]",5fold_oof_dirichlet_odir_v1.0.0,1
ppic_2026_feb_q17,state_surveys_v1,california,policy,state_survey,3,17.373,11.681,https://www.ppic.org/statewide-survey/,2026-02-03 to 2026-02-11,Q17. Tax and fee increases could be used to help reduce the state?s large gap between spending and revenues . Do you favor or oppose raising state taxes paid by the wealthiest Californians?,"[""Favor"", ""Oppose"", ""Don't know""]","[0.6052, 0.3841, 0.0107]","[0.3446, 0.4315, 0.2239]","[0.429992, 0.548984, 0.021025]",5fold_oof_dirichlet_odir_v1.0.0,4
ppic_2026_feb_q18,state_surveys_v1,california,policy,state_survey,5,8.943,4.797,https://www.ppic.org/statewide-survey/,2026-02-03 to 2026-02-11,"Q18. Overall, how fair do you think our present state and local tax system is: very fair, moderately fair, not too fair, or not at all fair?","[""Very fair"", ""Moderately fair"", ""Not too fair"", ""Not at all fair"", ""Don't know""]","[0.016, 0.3419, 0.3862, 0.241, 0.015]","[0.1146, 0.1678, 0.3415, 0.2361, 0.14]","[0.13395, 0.238555, 0.377706, 0.232866, 0.016922]",5fold_oof_dirichlet_odir_v1.0.0,0
ppic_2026_feb_q19,state_surveys_v1,california,policy,state_survey,5,7.446,6.218,https://www.ppic.org/statewide-survey/,2026-02-03 to 2026-02-11,"Q19. When you combine all of the taxes you pay to state and local governments, do you feel that you pay much more than you should, somewhat more than you should, about the right amount, or less than you should?","[""Much more"", ""Somewhat more"", ""About the right amount"", ""Less than you should"", ""Don't know""]","[0.3286, 0.3562, 0.2633, 0.0431, 0.0089]","[0.2647, 0.3512, 0.146, 0.1243, 0.1138]","[0.333535, 0.433215, 0.107794, 0.099685, 0.025771]",5fold_oof_dirichlet_odir_v1.0.0,1
ppic_2026_feb_q20,state_surveys_v1,california,electoral,state_survey,3,24.271,10.197,https://www.ppic.org/statewide-survey/,2026-02-03 to 2026-02-11,Q20. Some people are registered to vote and others are not. Are you absolutely certain that you are registered to vote in California?,"[""Yes"", ""No"", ""Don't know""]","[0.7952, 0.2048, 0.0]","[0.4311, 0.2883, 0.2806]","[0.642241, 0.322936, 0.034823]",5fold_oof_dirichlet_odir_v1.0.0,3
ppic_2026_feb_q20a,state_surveys_v1,california,policy,state_survey,5,10.266,3.967,https://www.ppic.org/statewide-survey/,2026-02-03 to 2026-02-11,"Q20a. Are you registered as a Democrat, a Republican, another party, or are you registered as a decline-to-state or independent voter? We understand and respect that this information is confidential, we ask only for nonpartisan research purposes and will","[""Democrat"", ""Republican"", ""Another party  [SPECIFY]"", ""Decline-to-state/independent"", ""Don't know""]","[0.4438, 0.249, 0.0181, 0.2887, 0.0003]","[0.2822, 0.1773, 0.1397, 0.2654, 0.1354]","[0.420936, 0.195823, 0.085744, 0.265603, 0.031893]",5fold_oof_dirichlet_odir_v1.0.0,1
ppic_2026_feb_q21,state_surveys_v1,california,policy,state_survey,3,12.052,10.393,https://www.ppic.org/statewide-survey/,2026-02-03 to 2026-02-11,Q21. Would you call yourself a strong Democrat or not a very strong Democrat?,"[""Strong"", ""Not very strong"", ""Don't know""]","[0.563, 0.4356, 0.0014]","[0.5204, 0.2974, 0.1822]","[0.7057, 0.2797, 0.0146]",5fold_oof_dirichlet_odir_v1.0.0,4
ppic_2026_feb_q21a,state_surveys_v1,california,policy,state_survey,3,14.046,15.518,https://www.ppic.org/statewide-survey/,2026-02-03 to 2026-02-11,Q21a. Would you call yourself a strong Republican or not a very strong Republican?,"[""Strong"", ""Not very strong"", ""Don't know""]","[0.4975, 0.5025, 0.0]","[0.5068, 0.2918, 0.2014]","[0.71779, 0.269734, 0.012476]",5fold_oof_dirichlet_odir_v1.0.0,3
ppic_2026_feb_q21b,state_surveys_v1,california,policy,state_survey,4,1.407,6.927,https://www.ppic.org/statewide-survey/,2026-02-03 to 2026-02-11,Q21b. Do you think of yourself as closer to the Republican Party or Democratic Party?,"[""Republican Party"", ""Democratic Party"", ""Neither"", ""Don't know""]","[0.1714, 0.3161, 0.3762, 0.1363]","[0.1768, 0.293, 0.399, 0.1313]","[0.297685, 0.284492, 0.388452, 0.029371]",5fold_oof_dirichlet_odir_v1.0.0,3
ppic_2026_feb_q23,state_surveys_v1,california,electoral,state_survey,5,10.121,20.277,https://www.ppic.org/statewide-survey/,2026-02-03 to 2026-02-11,Q23. How closely are you following news about candidates for the 2026 governor?s election?,"[""Very closely"", ""Fairly closely"", ""Not too closely"", ""Not at all closely"", ""Don't know""]","[0.0859, 0.2365, 0.4249, 0.2496, 0.0031]","[0.1835, 0.2881, 0.2604, 0.1611, 0.1069]","[0.574944, 0.242619, 0.11923, 0.048345, 0.014862]",5fold_oof_dirichlet_odir_v1.0.0,1
ppic_2026_feb_q24,state_surveys_v1,california,electoral,state_survey,3,18.602,16.199,https://www.ppic.org/statewide-survey/,2026-02-03 to 2026-02-11,"Q24. In general, would you say you are satisfied or not satisfied with your choices of candidates in the primary election for governor next June?","[""Satisfied"", ""Not satisfied"", ""Don't know""]","[0.5778, 0.3839, 0.0383]","[0.2988, 0.412, 0.2892]","[0.334818, 0.616563, 0.048619]",5fold_oof_dirichlet_odir_v1.0.0,1
ppic_2026_feb_q25,state_surveys_v1,california,electoral,state_survey,7,11.061,11.061,https://www.ppic.org/statewide-survey/,2026-02-03 to 2026-02-11,Q25. People have different ideas about the qualifications they want when they vote for candidates for governor Which of these is most important to you?,"[""The candidate's experience"", ""The candidate's character"", ""The candidate's political party"", ""The candidate's stands on the issues"", ""Other (specify)"", ""It depends"", ""Don't know""]","[0.122, 0.162, 0.0625, 0.6433, 0.0006, 0.001, 0.0086]","[0.1618, 0.1454, 0.1769, 0.2728, 0.1059, 0.1036, 0.0337]","[0.1618, 0.1454, 0.1769, 0.2728, 0.1059, 0.1036, 0.0337]",5fold_oof_dirichlet_odir_v1.0.0,3
ppic_2026_feb_q26,state_surveys_v1,california,policy,state_survey,5,6.943,6.106,https://www.ppic.org/statewide-survey/,2026-02-03 to 2026-02-11,"Q26. How interested, if at all, are you in having a series of debates and town halls with the candidates for governor?","[""Very interested"", ""Somewhat interested"", ""Not too interested"", ""Not at all interested"", ""Don't know""]","[0.2304, 0.3921, 0.2359, 0.136, 0.0055]","[0.278, 0.2711, 0.1834, 0.1382, 0.1293]","[0.357742, 0.328927, 0.177572, 0.104901, 0.030858]",5fold_oof_dirichlet_odir_v1.0.0,4
ppic_2026_feb_q27,state_surveys_v1,california,electoral,state_survey,4,11.875,27.723,https://www.ppic.org/statewide-survey/,2026-02-03 to 2026-02-11,"Q27. In thinking about the California governor?s election in November, how important to you are the candidates? positions on affordability and the cost of living in determining your vote?","[""Very important"", ""Somewhat important"", ""Not too important"", ""Don't know""]","[0.5706, 0.374, 0.0508, 0.0046]","[0.4519, 0.2552, 0.1745, 0.1184]","[0.031165, 0.927355, 0.035775, 0.005705]",5fold_oof_dirichlet_odir_v1.0.0,2
ppic_2026_feb_q28,state_surveys_v1,california,electoral,state_survey,3,13.589,4.029,https://www.ppic.org/statewide-survey/,2026-02-03 to 2026-02-11,"Q28. If the 2026 election for US House of Representatives were being held today, would you vote for [ROTATE] [1] the Republican candidate [OR] [2] the Democratic candidate] in your district?","[""Republican candidate"", ""Democratic candidate"", ""Don't know""]","[0.3437, 0.6235, 0.0328]","[0.3236, 0.4397, 0.2366]","[0.290185, 0.683931, 0.025885]",5fold_oof_dirichlet_odir_v1.0.0,3
ppic_2026_feb_q29,state_surveys_v1,california,electoral,state_survey,6,3.501,4.013,https://www.ppic.org/statewide-survey/,2026-02-03 to 2026-02-11,"Q29. How enthusiastic would you say you are about voting for Congress this year?extremely enthusiastic, very enthusiastic, somewhat enthusiastic, not too enthusiastic, or not at all enthusiastic?","[""Extremely enthusiastic"", ""Very enthusiastic"", ""Somewhat enthusiastic"", ""Not too enthusiastic"", ""Not at all enthusiastic"", ""Don't know""]","[0.1603, 0.1511, 0.2782, 0.2497, 0.1561, 0.0047]","[0.1531, 0.1966, 0.2615, 0.1874, 0.1373, 0.0642]","[0.160215, 0.162518, 0.268597, 0.138946, 0.25592, 0.013805]",5fold_oof_dirichlet_odir_v1.0.0,0
ppic_2026_feb_q30,state_surveys_v1,california,directional,state_survey,4,11.954,5.716,https://www.ppic.org/statewide-survey/,2026-02-03 to 2026-02-11,"Q30. If the Democrats win control of Congress in this November's elections, do you think the country will be better off worse off or will it not make any difference?","[""Better off"", ""Worse off"", ""Will not make any difference"", ""Don't know""]","[0.5238, 0.2732, 0.1948, 0.0082]","[0.2859, 0.272, 0.2533, 0.1888]","[0.553976, 0.228788, 0.124894, 0.092342]",5fold_oof_dirichlet_odir_v1.0.0,4
ppic_2026_feb_q31,state_surveys_v1,california,electoral,state_survey,4,9.497,26.799,https://www.ppic.org/statewide-survey/,2026-02-03 to 2026-02-11,"Q31. In thinking about the US House of Representatives election in November, how important to you are the candidates? positions on affordability and the cost of living in determining your vote?","[""Very important"", ""Somewhat important"", ""Not too important"", ""Don't know""]","[0.5253, 0.3873, 0.0796, 0.0078]","[0.4517, 0.271, 0.1662, 0.1111]","[0.034289, 0.92328, 0.036857, 0.005574]",5fold_oof_dirichlet_odir_v1.0.0,2
ppic_2026_feb_q32,state_surveys_v1,california,policy,state_survey,3,17.948,6.289,https://www.ppic.org/statewide-survey/,2026-02-03 to 2026-02-11,"Q32. On another topic, when it comes to the tough choices involved in the state budget this year, would you prefer that the governor and legislature make all of the decisions about spending and taxes or that California voters make some of the decisions abo","[""The governor and legislature make all of the decisions about spending and taxes"", ""California voters make some of the decisions about spending and taxes at the ballot box"", ""Don't know""]","[0.2243, 0.7654, 0.0102]","[0.2892, 0.4962, 0.2146]","[0.315128, 0.671115, 0.013757]",5fold_oof_dirichlet_odir_v1.0.0,2
ppic_2026_feb_q33,state_surveys_v1,california,policy,state_survey,5,8.673,5.595,https://www.ppic.org/statewide-survey/,2026-02-03 to 2026-02-11,"Q33. How much trust and confidence do you have in California's voters when it comes to making decisions about the state budget, spending and taxes at the ballot box?","[""A great deal"", ""A fair amount"", ""Not too much"", ""None at all"", ""Don't know""]","[0.0627, 0.439, 0.3567, 0.1369, 0.0047]","[0.1405, 0.2947, 0.2842, 0.1474, 0.1333]","[0.185967, 0.367759, 0.306699, 0.118267, 0.021308]",5fold_oof_dirichlet_odir_v1.0.0,0
ppic_2026_feb_q34,state_surveys_v1,california,policy,state_survey,3,12.903,0.838,https://www.ppic.org/statewide-survey/,2026-02-03 to 2026-02-11,"Q34. If the state ballot had a $10 billion bond measure to pay for affordable housing projects across California, would you vote yes or no?","[""Yes"", ""No"", ""Don't know""]","[0.516, 0.4659, 0.018]","[0.402, 0.3864, 0.2116]","[0.527136, 0.453374, 0.01949]",5fold_oof_dirichlet_odir_v1.0.0,4
ppic_2026_feb_q35,state_surveys_v1,california,policy,state_survey,16,4.527,4.527,https://www.ppic.org/statewide-survey/,2026-02-03 to 2026-02-11,"Q35. In your opinion, what is the most important problem facing the US today?","[""Economy, unemployment, and jobs"", ""War and foreign conflicts"", ""Immigration"", ""Terrorism and extremism"", ""Healthcare system"", ""Public health, disease, and illness"", ""Energy issues"", ""Morality"", ""Crime or corruption"", ""Environment and climate"", ""Inequality and discrimination"", ""Abortion issues"", ""Political extremism or threats to democracy"", ""Other (specify)"", ""Don't know"", ""Prefer not to answer""]","[0.1859, 0.0233, 0.1432, 0.0132, 0.0548, 0.0135, 0.0038, 0.0406, 0.0694, 0.0173, 0.0486, 0.0052, 0.3752, 0.0033, 0.0027, 0.0]","[0.1412, 0.069, 0.0939, 0.0656, 0.0932, 0.0462, 0.0177, 0.0357, 0.0762, 0.0453, 0.0385, 0.034, 0.122, 0.045, 0.032, 0.0445]","[0.1412, 0.069, 0.0939, 0.0656, 0.0932, 0.0462, 0.0177, 0.0357, 0.0762, 0.0453, 0.0385, 0.034, 0.122, 0.045, 0.032, 0.0445]",5fold_oof_dirichlet_odir_v1.0.0,3
ppic_2026_feb_q36,state_surveys_v1,california,political_approval,state_survey,3,22.629,13.492,https://www.ppic.org/statewide-survey/,2026-02-03 to 2026-02-11,"Q36. Overall, do you approve or disapprove of the way that Donald Trump is handling his job as president?","[""Approve"", ""Disapprove"", ""Don't know""]","[0.2523, 0.7358, 0.012]","[0.3353, 0.3963, 0.2684]","[0.392293, 0.533376, 0.074331]",5fold_oof_dirichlet_odir_v1.0.0,4
ppic_2026_feb_q37,state_surveys_v1,california,political_approval,state_survey,3,22.167,18.886,https://www.ppic.org/statewide-survey/,2026-02-03 to 2026-02-11,"Q37. Overall, do you approve or disapprove of the way the US Congress is handling its job?","[""Approve"", ""Disapprove"", ""Don't know""]","[0.1796, 0.7988, 0.0216]","[0.248, 0.4663, 0.2857]","[0.39809, 0.515516, 0.086394]",5fold_oof_dirichlet_odir_v1.0.0,0
ppic_2026_feb_q38,state_surveys_v1,california,policy,state_survey,3,18.356,6.171,https://www.ppic.org/statewide-survey/,2026-02-03 to 2026-02-11,"Q38. Do you think that President Trump and the US Congress will be able to work together and accomplish a lot in the next year, or not?","[""Yes, will be able to work together"", ""No, will not be able to work together"", ""Don't know""]","[0.2385, 0.7401, 0.0214]","[0.245, 0.4648, 0.2902]","[0.317793, 0.647537, 0.034671]",5fold_oof_dirichlet_odir_v1.0.0,0
ppic_2026_feb_q39,state_surveys_v1,california,directional,state_survey,3,23.105,8.734,https://www.ppic.org/statewide-survey/,2026-02-03 to 2026-02-11,Q39. Do you think things in the United States are generally going in the right direction or the wrong direction?,"[""Right direction"", ""Wrong direction"", ""Don't know""]","[0.2171, 0.7702, 0.0127]","[0.3214, 0.4236, 0.2549]","[0.339429, 0.639196, 0.021375]",5fold_oof_dirichlet_odir_v1.0.0,1
ppic_2026_feb_q40,state_surveys_v1,california,directional,state_survey,3,20.509,4.621,https://www.ppic.org/statewide-survey/,2026-02-03 to 2026-02-11,"Q40. Turning to economic conditions, do you think that during the next 12 months the United States will have good times financially or bad times?","[""Good times"", ""Bad times"", ""Don't know""]","[0.2505, 0.7206, 0.0289]","[0.273, 0.413, 0.314]","[0.319812, 0.654972, 0.025217]",5fold_oof_dirichlet_odir_v1.0.0,0
ppic_2026_feb_q41,state_surveys_v1,california,political_approval,state_survey,3,24.565,19.359,https://www.ppic.org/statewide-survey/,2026-02-03 to 2026-02-11,Q41. Do you approve or disapprove of the job the US Immigration and Customs Enforcement agency or ICE is doing?,"[""Approve"", ""Disapprove"", ""Don't know""]","[0.2201, 0.7704, 0.0095]","[0.3239, 0.4019, 0.2742]","[0.43434, 0.48001, 0.085651]",5fold_oof_dirichlet_odir_v1.0.0,3
ppic_2026_feb_q42,state_surveys_v1,california,political_approval,state_survey,5,10.451,12.313,https://www.ppic.org/statewide-survey/,2026-02-03 to 2026-02-11,Q42. Do you approve or disapprove of recent protests against ICE actions?,"[""Strongly approve"", ""Somewhat approve"", ""Somewhat disapprove"", ""Strongly disapprove"", ""Don't know""]","[0.4245, 0.1761, 0.1345, 0.2555, 0.0095]","[0.2226, 0.2638, 0.1741, 0.1961, 0.1434]","[0.239729, 0.227354, 0.201295, 0.132396, 0.199226]",5fold_oof_dirichlet_odir_v1.0.0,3
ppic_2026_feb_q43,state_surveys_v1,california,civic_legal,state_survey,4,14.564,17.388,https://www.ppic.org/statewide-survey/,2026-02-03 to 2026-02-11,"Q43. In the communities where Immigration and Customs Enforcement (ICE) is conducting its operations, do you think the operations are making those communities...","[""More safe"", ""Less safe"", ""Not changing either way"", ""Don't know""]","[0.1827, 0.6083, 0.1976, 0.0115]","[0.2422, 0.317, 0.2315, 0.2094]","[0.392296, 0.308533, 0.149564, 0.149606]",5fold_oof_dirichlet_odir_v1.0.0,2
ppic_2026_feb_q44,state_surveys_v1,california,policy,state_survey,5,7.945,6.854,https://www.ppic.org/statewide-survey/,2026-02-03 to 2026-02-11,Q44. Do you support or oppose the cuts to Medicaid included in the bill known as the Big Beautiful Bill? Do you feel that way strongly or somewhat?,"[""Strongly support"", ""Somewhat support"", ""Strongly oppose"", ""Somewhat oppose"", ""Don't know""]","[0.1294, 0.1341, 0.4943, 0.2358, 0.0065]","[0.1548, 0.1594, 0.2956, 0.239, 0.1512]","[0.185433, 0.233086, 0.326929, 0.231762, 0.02279]",5fold_oof_dirichlet_odir_v1.0.0,0
ppic_2026_feb_q44a,state_surveys_v1,california,policy,state_survey,3,22.122,21.897,https://www.ppic.org/statewide-survey/,2026-02-03 to 2026-02-11,"Q44a. As you may know, in 2021 Congress increased the financial help provided through tax credits available to some people with low and moderate incomes who purchase health insurance through the Affordable Care Act marketplace to help them afford their pre","[""Right thing"", ""Wrong thing"", ""Don't know""]","[0.3224, 0.6446, 0.033]","[0.4375, 0.3128, 0.2498]","[0.650854, 0.329018, 0.020129]",5fold_oof_dirichlet_odir_v1.0.0,1
ppic_2026_feb_q44b,state_surveys_v1,california,policy,state_survey,4,14.191,6.096,https://www.ppic.org/statewide-survey/,2026-02-03 to 2026-02-11,"Q44b. In the next year, do you expect health care costs for you and your family to becomeless affordable,  more affordable orto stay about the same?","[""Less affordable"", ""More affordable"", ""Stay about the same"", ""Don't know""]","[0.559, 0.053, 0.3777, 0.0102]","[0.4206, 0.1502, 0.2323, 0.1969]","[0.564262, 0.146115, 0.255824, 0.033799]",5fold_oof_dirichlet_odir_v1.0.0,3
ppic_2026_feb_q46,state_surveys_v1,california,policy,state_survey,5,8.175,6.882,https://www.ppic.org/statewide-survey/,2026-02-03 to 2026-02-11,"Q46. Generally speaking, how much interest would you say you have in politics?","[""Great deal"", ""Fair amount"", ""Only a little"", ""None"", ""Don't know""]","[0.1848, 0.3584, 0.282, 0.1733, 0.0015]","[0.2893, 0.2732, 0.2131, 0.123, 0.1013]","[0.337348, 0.306356, 0.248592, 0.086698, 0.021006]",5fold_oof_dirichlet_odir_v1.0.0,4
ppic_2026_feb_q47,state_surveys_v1,california,electoral,state_survey,6,10.979,6.416,https://www.ppic.org/statewide-survey/,2026-02-03 to 2026-02-11,"Q47. How often would you say you vote?always, nearly always, part of the time, seldom, or never?","[""Always"", ""Nearly always"", ""Part of the time"", ""Seldom"", ""Never"", ""Don't know""]","[0.4672, 0.1862, 0.1053, 0.0562, 0.1838, 0.0013]","[0.2131, 0.2618, 0.2054, 0.1536, 0.1085, 0.0576]","[0.39661, 0.283879, 0.147713, 0.101743, 0.061903, 0.008152]",5fold_oof_dirichlet_odir_v1.0.0,3
ppic_2026_feb_q48,state_surveys_v1,california,electoral,state_survey,3,27.718,7.302,https://www.ppic.org/statewide-survey/,2026-02-03 to 2026-02-11,"Q48. Do you plan to vote in the statewide primary election on June 2, 2026?","[""Yes"", ""No"", ""Don't know""]","[0.9085, 0.0848, 0.0068]","[0.4927, 0.253, 0.2544]","[0.798921, 0.182236, 0.018843]",5fold_oof_dirichlet_odir_v1.0.0,0
uttpp_2026_feb_q2,state_surveys_v1,texas,policy,state_survey,5,9.54,5.474,https://texaspolitics.utexas.edu/archive/pdf/202602-POLL-TOPLINE.pdf,2026-02-02 to 2026-02-16,"Generally speaking, would you say that you are extremely interested in politics and public affairs, somewhat interested, not very interested, or not at all interested?","[""Extremely interested"", ""Somewhat interested"", ""Not very interested"", ""Not at all interested"", ""Don't know""]","[0.4066, 0.4377, 0.1142, 0.0377, 0.0038]","[0.3133, 0.2925, 0.1604, 0.1217, 0.1121]","[0.374466, 0.332986, 0.166549, 0.100847, 0.025152]",5fold_oof_dirichlet_odir_v1.0.0,3
uttpp_2026_feb_q3,state_surveys_v1,texas,electoral,state_survey,6,7.525,7.603,https://texaspolitics.utexas.edu/archive/pdf/202602-POLL-TOPLINE.pdf,2026-02-02 to 2026-02-16,"There are many elections in the state of Texas. Furthermore, many people intend to vote in a given election, but sometimes personal and professional circumstances keep them from the polls. Thinking back over the past two or three years, would you say that you voted in all elections, almost all, about half, one or two, or none at all?","[""Every election"", ""Almost every election"", ""About half"", ""One or two"", ""None"", ""Don't know""]","[0.315, 0.3739, 0.1172, 0.1187, 0.0625, 0.0127]","[0.1894, 0.2738, 0.2137, 0.1569, 0.102, 0.0642]","[0.379157, 0.204088, 0.142175, 0.060416, 0.196061, 0.018103]",5fold_oof_dirichlet_odir_v1.0.0,2
uttpp_2026_feb_q3a,state_surveys_v1,texas,electoral,state_survey,6,8.437,9.888,https://texaspolitics.utexas.edu/archive/pdf/202602-POLL-TOPLINE.pdf,2026-02-02 to 2026-02-16,"What about primary elections? Thinking back over the past two or three years, would you say that you voted in all primary elections, almost all, about half, one or two, or none at all?","[""Every election"", ""Almost every election"", ""About half"", ""One or two"", ""None"", ""Don't know""]","[0.3789, 0.2723, 0.1122, 0.0901, 0.1219, 0.0247]","[0.173, 0.2251, 0.219, 0.1876, 0.1277, 0.0676]","[0.206435, 0.153586, 0.227389, 0.17624, 0.217159, 0.019191]",5fold_oof_dirichlet_odir_v1.0.0,1
uttpp_2026_feb_q3b,state_surveys_v1,texas,electoral,state_survey,3,18.062,27.149,https://texaspolitics.utexas.edu/archive/pdf/202602-POLL-TOPLINE.pdf,2026-02-02 to 2026-02-16,Have you ever voted in a primary election before?,"[""Yes"", ""No"", ""Don't know""]","[0.3335, 0.5773, 0.0892]","[0.5009, 0.3064, 0.1928]","[0.74073, 0.245764, 0.013507]",5fold_oof_dirichlet_odir_v1.0.0,0
uttpp_2026_feb_q3c,state_surveys_v1,texas,electoral,state_survey,6,3.8,7.031,https://texaspolitics.utexas.edu/archive/pdf/202602-POLL-TOPLINE.pdf,2026-02-02 to 2026-02-16,How enthusiastic would you say you are about voting in the upcoming March 2026 primary election?,"[""Extremely enthusiastic"", ""Very enthusiastic"", ""Somewhat enthusiastic"", ""Not too enthusiastic"", ""Not at all enthusiastic"", ""Don't know/No opinion""]","[0.3153, 0.2157, 0.2111, 0.1431, 0.0727, 0.0422]","[0.2013, 0.2378, 0.2276, 0.1566, 0.1141, 0.0627]","[0.403972, 0.172555, 0.149501, 0.062232, 0.194897, 0.016842]",5fold_oof_dirichlet_odir_v1.0.0,2
uttpp_2026_feb_q3d,state_surveys_v1,texas,electoral,state_survey,4,21.94,2.172,https://texaspolitics.utexas.edu/archive/pdf/202602-POLL-TOPLINE.pdf,2026-02-02 to 2026-02-16,"If the 2026 primary elections were held today, would you vote in the Republican primary, the Democratic primary, or wouldn’t you vote in either primary?","[""The Republican primary"", ""The Democratic primary"", ""Wouldn't vote in either primary"", ""Don't know""]","[0.0379, 0.8875, 0.0301, 0.0445]","[0.1784, 0.4487, 0.2001, 0.1728]","[0.047117, 0.909151, 0.042668, 0.001064]",5fold_oof_dirichlet_odir_v1.0.0,3
uttpp_2026_feb_q3e,state_surveys_v1,texas,electoral,state_survey,12,6.54,6.539,https://texaspolitics.utexas.edu/archive/pdf/202602-POLL-TOPLINE.pdf,2026-02-02 to 2026-02-16,"On a 0-10 scale, please rate how likely you are to vote in the upcoming March primary elections: 10 means you are absolutely certain to vote, 0 means you will definitely NOT vote, and 5 means you may or may not vote.","[""0 - Definitely not vote"", ""1"", ""2"", ""3"", ""4"", ""5"", ""6"", ""7"", ""8"", ""9"", ""10 - Absolutely certain to vote"", ""Not sure""]","[0.0059, 0.0064, 0.0065, 0.0077, 0.0151, 0.0768, 0.0459, 0.0619, 0.119, 0.1634, 0.4657, 0.0258]","[0.0722, 0.0894, 0.0863, 0.0768, 0.0798, 0.0537, 0.0568, 0.0665, 0.0823, 0.1099, 0.1865, 0.0396]","[0.0722, 0.0894, 0.0863, 0.0768, 0.0798, 0.0537, 0.0568, 0.0665, 0.0823, 0.1099, 0.1865, 0.0396]",5fold_oof_dirichlet_odir_v1.0.0,2
uttpp_2026_feb_q6,state_surveys_v1,texas,policy,state_survey,6,8.254,5.004,https://texaspolitics.utexas.edu/archive/pdf/202602-POLL-TOPLINE.pdf,2026-02-02 to 2026-02-16,Retrospective Assessments - Trump,"[""Approve strongly"", ""Approve somewhat"", ""Neither approve nor disapprove"", ""Disapprove somewhat"", ""Disapprove strongly"", ""Don't know""]","[0.2698, 0.1792, 0.048, 0.0642, 0.4281, 0.0106]","[0.225, 0.1911, 0.1305, 0.1597, 0.2253, 0.0684]","[0.221561, 0.179991, 0.126741, 0.089543, 0.326269, 0.055895]",5fold_oof_dirichlet_odir_v1.0.0,1
uttpp_2026_feb_q7,state_surveys_v1,texas,political_approval,state_survey,6,5.274,7.774,https://texaspolitics.utexas.edu/archive/pdf/202602-POLL-TOPLINE.pdf,2026-02-02 to 2026-02-16,How would you rate the job the U.S. Congress is doing? Would you say that you…,"[""Approve strongly"", ""Approve somewhat"", ""Neither approve nor disapprove"", ""Disapprove somewhat"", ""Disapprove strongly"", ""Don't know""]","[0.0571, 0.2216, 0.1759, 0.1724, 0.3372, 0.0358]","[0.1291, 0.157, 0.1533, 0.2119, 0.2662, 0.0825]","[0.105003, 0.121514, 0.107508, 0.117435, 0.522512, 0.026029]",5fold_oof_dirichlet_odir_v1.0.0,1
uttpp_2026_feb_q7a,state_surveys_v1,texas,civic_legal,state_survey,6,3.909,8.478,https://texaspolitics.utexas.edu/archive/pdf/202602-POLL-TOPLINE.pdf,2026-02-02 to 2026-02-16,Retrospective Assessments - U.S. Supreme Court,"[""Approve strongly"", ""Approve somewhat"", ""Neither approve nor disapprove"", ""Disapprove somewhat"", ""Disapprove strongly"", ""Don't know""]","[0.1146, 0.2691, 0.1712, 0.1291, 0.2754, 0.0406]","[0.1488, 0.1926, 0.1644, 0.1801, 0.2414, 0.0726]","[0.185251, 0.142944, 0.094704, 0.07741, 0.455626, 0.044065]",5fold_oof_dirichlet_odir_v1.0.0,2
uttpp_2026_feb_q8a,state_surveys_v1,texas,policy,state_survey,6,6.098,3.650,https://texaspolitics.utexas.edu/archive/pdf/202602-POLL-TOPLINE.pdf,2026-02-02 to 2026-02-16,Retrospective Assessments - Abbott,"[""Approve strongly"", ""Approve somewhat"", ""Neither approve nor disapprove"", ""Disapprove somewhat"", ""Disapprove strongly"", ""Don't know""]","[0.2432, 0.2214, 0.0813, 0.0864, 0.3473, 0.0204]","[0.1984, 0.2081, 0.1423, 0.1702, 0.2225, 0.0586]","[0.171764, 0.207841, 0.152997, 0.10566, 0.322795, 0.038944]",5fold_oof_dirichlet_odir_v1.0.0,1
uttpp_2026_feb_q8b,state_surveys_v1,texas,policy,state_survey,6,4.167,1.938,https://texaspolitics.utexas.edu/archive/pdf/202602-POLL-TOPLINE.pdf,2026-02-02 to 2026-02-16,Retrospective Assessments - Patrick,"[""Approve strongly"", ""Approve somewhat"", ""Neither approve nor disapprove"", ""Disapprove somewhat"", ""Disapprove strongly"", ""Don't know""]","[0.1512, 0.1941, 0.1635, 0.0885, 0.3065, 0.0961]","[0.2016, 0.1869, 0.1371, 0.1632, 0.2235, 0.0877]","[0.206337, 0.173563, 0.133095, 0.090793, 0.307251, 0.088962]",5fold_oof_dirichlet_odir_v1.0.0,4
uttpp_2026_feb_q8d,state_surveys_v1,texas,policy,state_survey,6,17.8,14.986,https://texaspolitics.utexas.edu/archive/pdf/202602-POLL-TOPLINE.pdf,2026-02-02 to 2026-02-16,Retrospective Assessments - Paxton,"[""Approve strongly"", ""Approve somewhat"", ""Neither approve nor disapprove"", ""Disapprove somewhat"", ""Disapprove strongly"", ""Don't know""]","[0.0018, 0.0276, 0.0496, 0.0508, 0.8417, 0.0286]","[0.1122, 0.1427, 0.1557, 0.1973, 0.3076, 0.0844]","[0.054822, 0.117838, 0.227827, 0.118251, 0.392055, 0.089206]",5fold_oof_dirichlet_odir_v1.0.0,4
uttpp_2026_feb_q9a,state_surveys_v1,texas,policy,state_survey,6,5.634,2.970,https://texaspolitics.utexas.edu/archive/pdf/202602-POLL-TOPLINE.pdf,2026-02-02 to 2026-02-16,Retrospective Assessments - Cruz,"[""Approve strongly"", ""Approve somewhat"", ""Neither approve nor disapprove"", ""Disapprove somewhat"", ""Disapprove strongly"", ""Don't know""]","[0.2191, 0.1737, 0.0953, 0.0999, 0.3786, 0.0335]","[0.1971, 0.2003, 0.1381, 0.1674, 0.2316, 0.0655]","[0.184258, 0.192412, 0.141608, 0.094403, 0.329789, 0.057529]",5fold_oof_dirichlet_odir_v1.0.0,0
uttpp_2026_feb_q9b,state_surveys_v1,texas,policy,state_survey,6,4.077,4.484,https://texaspolitics.utexas.edu/archive/pdf/202602-POLL-TOPLINE.pdf,2026-02-02 to 2026-02-16,Retrospective Assessments - Cornyn,"[""Approve strongly"", ""Approve somewhat"", ""Neither approve nor disapprove"", ""Disapprove somewhat"", ""Disapprove strongly"", ""Don't know""]","[0.1102, 0.1871, 0.1757, 0.1373, 0.2944, 0.0953]","[0.1695, 0.2156, 0.1541, 0.1597, 0.1937, 0.1074]","[0.163502, 0.198969, 0.183611, 0.086479, 0.210697, 0.156742]",5fold_oof_dirichlet_odir_v1.0.0,0
uttpp_2026_feb_q9g,state_surveys_v1,texas,political_approval,state_survey,6,4.76,5.719,https://texaspolitics.utexas.edu/archive/pdf/202602-POLL-TOPLINE.pdf,2026-02-02 to 2026-02-16,And what about your representative in Congress? How would you rate the job that your congressperson is doing? Would you say that you...,"[""Approve strongly"", ""Approve somewhat"", ""Neither approve nor disapprove"", ""Disapprove somewhat"", ""Disapprove strongly"", ""Don't know""]","[0.1431, 0.2503, 0.2196, 0.0953, 0.1747, 0.117]","[0.1932, 0.1854, 0.1444, 0.1581, 0.172, 0.1468]","[0.160252, 0.21373, 0.133974, 0.095913, 0.328509, 0.067621]",5fold_oof_dirichlet_odir_v1.0.0,2
uttpp_2026_feb_q10,state_surveys_v1,texas,directional,state_survey,3,9.248,7.464,https://texaspolitics.utexas.edu/archive/pdf/202602-POLL-TOPLINE.pdf,2026-02-02 to 2026-02-16,"Thinking about the country, do you think that things are headed in the right direction, or do you think that things are headed off on the wrong track? Right direction Wrong track Don't know","[""Right direction"", ""Wrong track"", ""Don't know""]","[0.3842, 0.5335, 0.0823]","[0.3283, 0.4506, 0.221]","[0.337739, 0.645466, 0.016795]",5fold_oof_dirichlet_odir_v1.0.0,1
uttpp_2026_feb_q11,state_surveys_v1,texas,directional,state_survey,6,3.238,3.405,https://texaspolitics.utexas.edu/archive/pdf/202602-POLL-TOPLINE.pdf,2026-02-02 to 2026-02-16,"Compared to a year ago, would you say that the national economy is a lot better off, somewhat better off, about the same, somewhat worse off, or a lot worse off?","[""A lot better off"", ""Somewhat better off"", ""About the same"", ""Somewhat worse off"", ""A lot worse off"", ""Don't know""]","[0.1289, 0.2322, 0.1582, 0.2144, 0.2479, 0.0185]","[0.1227, 0.2, 0.1673, 0.2541, 0.1891, 0.0668]","[0.140991, 0.239549, 0.240848, 0.190942, 0.169352, 0.018319]",5fold_oof_dirichlet_odir_v1.0.0,3
uttpp_2026_feb_q12,state_surveys_v1,texas,directional,state_survey,3,6.456,7.803,https://texaspolitics.utexas.edu/archive/pdf/202602-POLL-TOPLINE.pdf,2026-02-02 to 2026-02-16,"Thinking about the State of Texas, do you think that things are headed in the right direction, or do you think that things are headed off on the wrong track? Right direction Wrong track Don't know","[""Right direction"", ""Wrong track"", ""Don't know""]","[0.4176, 0.45, 0.1323]","[0.3749, 0.3959, 0.2292]","[0.508581, 0.476109, 0.015309]",5fold_oof_dirichlet_odir_v1.0.0,0
uttpp_2026_feb_q14,state_surveys_v1,texas,directional,state_survey,6,2.889,1.624,https://texaspolitics.utexas.edu/archive/pdf/202602-POLL-TOPLINE.pdf,2026-02-02 to 2026-02-16,"Compared to a year ago, would you say that the Texas economy is a lot better off, somewhat better off, about the same, somewhat worse off, or a lot worse off?","[""A lot better off"", ""Somewhat better off"", ""About the same"", ""Somewhat worse off"", ""A lot worse off"", ""Don't know""]","[0.1118, 0.2327, 0.2487, 0.199, 0.1663, 0.0415]","[0.1125, 0.2086, 0.2026, 0.2294, 0.1498, 0.0971]","[0.147207, 0.24375, 0.250966, 0.180845, 0.152104, 0.025129]",5fold_oof_dirichlet_odir_v1.0.0,4
uttpp_2026_feb_q13,state_surveys_v1,texas,directional,state_survey,6,5.394,3.513,https://texaspolitics.utexas.edu/archive/pdf/202602-POLL-TOPLINE.pdf,2026-02-02 to 2026-02-16,"Compared to a year ago, would you say that you and your family are economically a lot better off, somewhat better off, about the same, somewhat worse off, or a lot worse off?","[""A lot better off"", ""Somewhat better off"", ""About the same"", ""Somewhat worse off"", ""A lot worse off"", ""Don't know""]","[0.0855, 0.1985, 0.339, 0.2125, 0.1479, 0.0166]","[0.096, 0.1649, 0.2108, 0.2843, 0.1761, 0.0678]","[0.09842, 0.192312, 0.23979, 0.245806, 0.205131, 0.018541]",5fold_oof_dirichlet_odir_v1.0.0,1
uttpp_2026_feb_q15,state_surveys_v1,texas,directional,state_survey,6,2.907,3.149,https://texaspolitics.utexas.edu/archive/pdf/202602-POLL-TOPLINE.pdf,2026-02-02 to 2026-02-16,"A year from now, do you expect that the national economy will be a lot better off, somewhat better off, about the same, somewhat worse off, or a lot worse off?","[""A lot better off"", ""Somewhat better off"", ""About the same"", ""Somewhat worse off"", ""A lot worse off"", ""Don't know""]","[0.1599, 0.2355, 0.1894, 0.1601, 0.1698, 0.0854]","[0.1302, 0.201, 0.1759, 0.2324, 0.1847, 0.0758]","[0.128597, 0.232714, 0.213021, 0.197262, 0.203442, 0.024963]",5fold_oof_dirichlet_odir_v1.0.0,2
uttpp_2026_feb_q16_a,state_surveys_v1,texas,policy,state_survey,5,10.657,4.990,https://texaspolitics.utexas.edu/archive/pdf/202602-POLL-TOPLINE.pdf,2026-02-02 to 2026-02-16,Economic issues concern grid -- The price of food and consumer goods,"[""Very concerned"", ""Somewhat concerned"", ""Not too concerned"", ""Not at all concerned"", ""Don't know/No opinion""]","[0.6177, 0.287, 0.0739, 0.0119, 0.0095]","[0.398, 0.2403, 0.1403, 0.0877, 0.1337]","[0.492949, 0.290042, 0.135377, 0.043792, 0.03784]",5fold_oof_dirichlet_odir_v1.0.0,0
uttpp_2026_feb_q16_b,state_surveys_v1,texas,policy,state_survey,5,7.556,2.968,https://texaspolitics.utexas.edu/archive/pdf/202602-POLL-TOPLINE.pdf,2026-02-02 to 2026-02-16,Economic issues concern grid -- People who want to work being unable to find jobs,"[""Very concerned"", ""Somewhat concerned"", ""Not too concerned"", ""Not at all concerned"", ""Don't know/No opinion""]","[0.4455, 0.343, 0.1365, 0.0511, 0.0237]","[0.3106, 0.2891, 0.1576, 0.0936, 0.1492]","[0.371398, 0.370901, 0.159913, 0.058329, 0.039458]",5fold_oof_dirichlet_odir_v1.0.0,3
uttpp_2026_feb_q16_c,state_surveys_v1,texas,policy,state_survey,5,8.387,2.457,https://texaspolitics.utexas.edu/archive/pdf/202602-POLL-TOPLINE.pdf,2026-02-02 to 2026-02-16,Economic issues concern grid -- The cost of housing,"[""Very concerned"", ""Somewhat concerned"", ""Not too concerned"", ""Not at all concerned"", ""Don't know/No opinion""]","[0.5419, 0.3014, 0.1024, 0.0317, 0.0227]","[0.3938, 0.2398, 0.1413, 0.0891, 0.136]","[0.539265, 0.244169, 0.149212, 0.046258, 0.021097]",5fold_oof_dirichlet_odir_v1.0.0,2
uttpp_2026_feb_q16_d,state_surveys_v1,texas,policy,state_survey,5,7.742,11.592,https://texaspolitics.utexas.edu/archive/pdf/202602-POLL-TOPLINE.pdf,2026-02-02 to 2026-02-16,Economic issues concern grid -- How the stock market is doing,"[""Very concerned"", ""Somewhat concerned"", ""Not too concerned"", ""Not at all concerned"", ""Don't know/No opinion""]","[0.1919, 0.2719, 0.3136, 0.1437, 0.0788]","[0.2906, 0.307, 0.1627, 0.1011, 0.1386]","[0.361666, 0.391985, 0.147857, 0.062782, 0.035711]",5fold_oof_dirichlet_odir_v1.0.0,4
uttpp_2026_feb_q16_e,state_surveys_v1,texas,policy,state_survey,5,6.125,4.215,https://texaspolitics.utexas.edu/archive/pdf/202602-POLL-TOPLINE.pdf,2026-02-02 to 2026-02-16,Economic issues concern grid -- The price of gasoline and energy,"[""Very concerned"", ""Somewhat concerned"", ""Not too concerned"", ""Not at all concerned"", ""Don't know/No opinion""]","[0.3758, 0.3616, 0.188, 0.0617, 0.0129]","[0.3609, 0.2639, 0.1475, 0.0945, 0.1332]","[0.45775, 0.31201, 0.142993, 0.050927, 0.036319]",5fold_oof_dirichlet_odir_v1.0.0,0
uttpp_2026_feb_q16_f,state_surveys_v1,texas,policy,state_survey,5,6.911,4.599,https://texaspolitics.utexas.edu/archive/pdf/202602-POLL-TOPLINE.pdf,2026-02-02 to 2026-02-16,Economic issues concern grid -- The stability of banks and financial institutions,"[""Very concerned"", ""Somewhat concerned"", ""Not too concerned"", ""Not at all concerned"", ""Don't know/No opinion""]","[0.25, 0.3793, 0.2593, 0.0757, 0.0357]","[0.2811, 0.2953, 0.1705, 0.1126, 0.1405]","[0.360819, 0.356882, 0.178744, 0.079851, 0.023704]",5fold_oof_dirichlet_odir_v1.0.0,2
uttpp_2026_feb_q16_g,state_surveys_v1,texas,policy,state_survey,5,4.503,2.141,https://texaspolitics.utexas.edu/archive/pdf/202602-POLL-TOPLINE.pdf,2026-02-02 to 2026-02-16,Economic issues concern grid -- The cost of higher education,"[""Very concerned"", ""Somewhat concerned"", ""Not too concerned"", ""Not at all concerned"", ""Don't know/No opinion""]","[0.3917, 0.3002, 0.1662, 0.0939, 0.048]","[0.3038, 0.2755, 0.1662, 0.118, 0.1365]","[0.400667, 0.344758, 0.142311, 0.078227, 0.034037]",5fold_oof_dirichlet_odir_v1.0.0,1
uttpp_2026_feb_q16_h,state_surveys_v1,texas,policy,state_survey,5,11.263,7.086,https://texaspolitics.utexas.edu/archive/pdf/202602-POLL-TOPLINE.pdf,2026-02-02 to 2026-02-16,Economic issues concern grid -- The cost of healthcare,"[""Very concerned"", ""Somewhat concerned"", ""Not too concerned"", ""Not at all concerned"", ""Don't know/No opinion""]","[0.6639, 0.2343, 0.065, 0.0223, 0.0144]","[0.3824, 0.2352, 0.1463, 0.095, 0.1411]","[0.486795, 0.276879, 0.150436, 0.050429, 0.035461]",5fold_oof_dirichlet_odir_v1.0.0,3
uttpp_2026_feb_q16_i,state_surveys_v1,texas,policy,state_survey,5,6.319,5.041,https://texaspolitics.utexas.edu/archive/pdf/202602-POLL-TOPLINE.pdf,2026-02-02 to 2026-02-16,Economic issues concern grid -- Interest rates,"[""Very concerned"", ""Somewhat concerned"", ""Not too concerned"", ""Not at all concerned"", ""Don't know/No opinion""]","[0.3564, 0.4037, 0.1708, 0.0323, 0.0368]","[0.354, 0.2698, 0.1492, 0.0909, 0.1362]","[0.467262, 0.326144, 0.124392, 0.047471, 0.03473]",5fold_oof_dirichlet_odir_v1.0.0,1
uttpp_2026_feb_q16_j,state_surveys_v1,texas,policy,state_survey,5,6.368,3.616,https://texaspolitics.utexas.edu/archive/pdf/202602-POLL-TOPLINE.pdf,2026-02-02 to 2026-02-16,Economic issues concern grid -- Federal budget deficit,"[""Very concerned"", ""Somewhat concerned"", ""Not too concerned"", ""Not at all concerned"", ""Don't know/No opinion""]","[0.4241, 0.3526, 0.1273, 0.0499, 0.0461]","[0.3553, 0.2622, 0.1517, 0.0922, 0.1386]","[0.475301, 0.285884, 0.164177, 0.052216, 0.022421]",5fold_oof_dirichlet_odir_v1.0.0,2
uttpp_2026_feb_q16_k,state_surveys_v1,texas,policy,state_survey,5,6.667,3.103,https://texaspolitics.utexas.edu/archive/pdf/202602-POLL-TOPLINE.pdf,2026-02-02 to 2026-02-16,Economic issues concern grid -- National debt,"[""Very concerned"", ""Somewhat concerned"", ""Not too concerned"", ""Not at all concerned"", ""Don't know/No opinion""]","[0.4525, 0.3295, 0.1322, 0.046, 0.0397]","[0.365, 0.2504, 0.1512, 0.0922, 0.1412]","[0.493324, 0.268877, 0.164161, 0.050842, 0.022796]",5fold_oof_dirichlet_odir_v1.0.0,2
uttpp_2026_feb_q16_l,state_surveys_v1,texas,policy,state_survey,5,4.646,3.986,https://texaspolitics.utexas.edu/archive/pdf/202602-POLL-TOPLINE.pdf,2026-02-02 to 2026-02-16,Economic issues concern grid -- U.S. tariff policy,"[""Very concerned"", ""Somewhat concerned"", ""Not too concerned"", ""Not at all concerned"", ""Don't know/No opinion""]","[0.4274, 0.2621, 0.1701, 0.1051, 0.0352]","[0.3392, 0.286, 0.15, 0.0973, 0.1275]","[0.444032, 0.345159, 0.123917, 0.055693, 0.031199]",5fold_oof_dirichlet_odir_v1.0.0,1
uttpp_2026_feb_q16_m,state_surveys_v1,texas,policy,state_survey,5,7.842,6.144,https://texaspolitics.utexas.edu/archive/pdf/202602-POLL-TOPLINE.pdf,2026-02-02 to 2026-02-16,"Economic issues concern grid -- The impact of artificial intelligence (""AI"")","[""Very concerned"", ""Somewhat concerned"", ""Not too concerned"", ""Not at all concerned"", ""Don't know/No opinion""]","[0.4514, 0.3135, 0.1618, 0.0522, 0.0212]","[0.2553, 0.3214, 0.1687, 0.1196, 0.135]","[0.319127, 0.418543, 0.140427, 0.088983, 0.032921]",5fold_oof_dirichlet_odir_v1.0.0,1
uttpp_2026_feb_q17,state_surveys_v1,texas,directional,state_survey,5,3.116,14.052,https://texaspolitics.utexas.edu/archive/pdf/202602-POLL-TOPLINE.pdf,2026-02-02 to 2026-02-16,Do you agree or disagree with the following statement: This country would be better off if we just stayed home and did not concern ourselves with problems in other parts of the world.,"[""Strongly agree"", ""Somewhat agree"", ""Somewhat disagree"", ""Strongly disagree"", ""Don't know/No opinion""]","[0.1463, 0.2902, 0.2372, 0.26, 0.0663]","[0.1765, 0.2608, 0.2255, 0.2232, 0.114]","[0.397286, 0.390517, 0.133512, 0.04525, 0.033435]",5fold_oof_dirichlet_odir_v1.0.0,2
uttpp_2026_feb_q18,state_surveys_v1,texas,brand,state_survey,6,8.266,5.870,https://texaspolitics.utexas.edu/archive/pdf/202602-POLL-TOPLINE.pdf,2026-02-02 to 2026-02-16,"Please tell us whether you have a very favorable, somewhat favorable, neither favorable nor unfavorable, somewhat unfavorable, or very unfavorable opinion of Donald Trump.","[""Very favorable"", ""Somewhat favorable"", ""Neither favorable nor unfavorable"", ""Somewhat unfavorable"", ""Very unfavorable"", ""Don't know/No opinion""]","[0.273, 0.1659, 0.0613, 0.0704, 0.4146, 0.0149]","[0.2231, 0.1833, 0.1416, 0.1659, 0.2165, 0.0696]","[0.25648, 0.21238, 0.110588, 0.084936, 0.254978, 0.080638]",5fold_oof_dirichlet_odir_v1.0.0,4
uttpp_2026_feb_q19_a,state_surveys_v1,texas,policy,state_survey,6,4.018,5.483,https://texaspolitics.utexas.edu/archive/pdf/202602-POLL-TOPLINE.pdf,2026-02-02 to 2026-02-16,Opinions of various people (grid 1) -- John Cornyn,"[""Very favorable"", ""Somewhat favorable"", ""Neither favorable nor unfavorable"", ""Somewhat unfavorable"", ""Very unfavorable"", ""Don't know/No opinion""]","[0.107, 0.2028, 0.1735, 0.1171, 0.272, 0.1276]","[0.1342, 0.237, 0.1552, 0.1758, 0.1698, 0.128]","[0.094264, 0.192968, 0.244386, 0.089627, 0.157545, 0.22121]",5fold_oof_dirichlet_odir_v1.0.0,3
uttpp_2026_feb_q19_b,state_surveys_v1,texas,policy,state_survey,6,3.559,2.524,https://texaspolitics.utexas.edu/archive/pdf/202602-POLL-TOPLINE.pdf,2026-02-02 to 2026-02-16,Opinions of various people (grid 1) -- Ken Paxton,"[""Very favorable"", ""Somewhat favorable"", ""Neither favorable nor unfavorable"", ""Somewhat unfavorable"", ""Very unfavorable"", ""Don't know/No opinion""]","[0.124, 0.1894, 0.1588, 0.0963, 0.3123, 0.1192]","[0.135, 0.1823, 0.1511, 0.1921, 0.2471, 0.0924]","[0.09004, 0.164424, 0.203939, 0.120805, 0.318381, 0.102411]",5fold_oof_dirichlet_odir_v1.0.0,2
uttpp_2026_feb_q19_c,state_surveys_v1,texas,policy,state_survey,6,4.858,7.223,https://texaspolitics.utexas.edu/archive/pdf/202602-POLL-TOPLINE.pdf,2026-02-02 to 2026-02-16,Opinions of various people (grid 1) -- Jasmine Crockett,"[""Very favorable"", ""Somewhat favorable"", ""Neither favorable nor unfavorable"", ""Somewhat unfavorable"", ""Very unfavorable"", ""Don't know/No opinion""]","[0.2293, 0.1625, 0.132, 0.0437, 0.2514, 0.1812]","[0.1735, 0.1889, 0.1436, 0.1515, 0.174, 0.1687]","[0.150294, 0.133547, 0.157154, 0.063085, 0.142624, 0.353296]",5fold_oof_dirichlet_odir_v1.0.0,1
uttpp_2026_feb_q19_d,state_surveys_v1,texas,policy,state_survey,6,7.394,13.785,https://texaspolitics.utexas.edu/archive/pdf/202602-POLL-TOPLINE.pdf,2026-02-02 to 2026-02-16,Opinions of various people (grid 1) -- James Talarico,"[""Very favorable"", ""Somewhat favorable"", ""Neither favorable nor unfavorable"", ""Somewhat unfavorable"", ""Very unfavorable"", ""Don't know/No opinion""]","[0.4096, 0.2545, 0.1154, 0.0331, 0.0321, 0.1553]","[0.1903, 0.252, 0.1512, 0.1086, 0.1011, 0.1968]","[0.112368, 0.139294, 0.15216, 0.031987, 0.051978, 0.512214]",5fold_oof_dirichlet_odir_v1.0.0,3
uttpp_2026_feb_q19_e,state_surveys_v1,texas,policy,state_survey,6,8.272,3.991,https://texaspolitics.utexas.edu/archive/pdf/202602-POLL-TOPLINE.pdf,2026-02-02 to 2026-02-16,Opinions of various people (grid 1) -- Wesley Hunt,"[""Very favorable"", ""Somewhat favorable"", ""Neither favorable nor unfavorable"", ""Somewhat unfavorable"", ""Very unfavorable"", ""Don't know/No opinion""]","[0.1127, 0.1282, 0.2028, 0.0775, 0.1292, 0.3496]","[0.1693, 0.2192, 0.1454, 0.1499, 0.1573, 0.1589]","[0.179799, 0.17135, 0.152405, 0.064588, 0.13867, 0.293187]",5fold_oof_dirichlet_odir_v1.0.0,2
uttpp_2026_feb_q19_g,state_surveys_v1,texas,policy,state_survey,6,6.666,4.884,https://texaspolitics.utexas.edu/archive/pdf/202602-POLL-TOPLINE.pdf,2026-02-02 to 2026-02-16,Opinions of various people (grid 2) -- Greg Abbott,"[""Very favorable"", ""Somewhat favorable"", ""Neither favorable nor unfavorable"", ""Somewhat unfavorable"", ""Very unfavorable"", ""Don't know/No opinion""]","[0.2592, 0.2045, 0.0841, 0.0784, 0.3444, 0.0294]","[0.1924, 0.2098, 0.1355, 0.1749, 0.2112, 0.0762]","[0.189447, 0.203535, 0.154708, 0.105268, 0.268608, 0.078434]",5fold_oof_dirichlet_odir_v1.0.0,0
uttpp_2026_feb_q19_i,state_surveys_v1,texas,policy,state_survey,6,8.123,4.389,https://texaspolitics.utexas.edu/archive/pdf/202602-POLL-TOPLINE.pdf,2026-02-02 to 2026-02-16,Opinions of various people (grid 2) -- Gina Hinojosa,"[""Very favorable"", ""Somewhat favorable"", ""Neither favorable nor unfavorable"", ""Somewhat unfavorable"", ""Very unfavorable"", ""Don't know/No opinion""]","[0.1202, 0.1164, 0.2029, 0.0573, 0.0683, 0.4349]","[0.1319, 0.1855, 0.1568, 0.1417, 0.1468, 0.2373]","[0.082819, 0.09385, 0.146171, 0.042282, 0.071347, 0.563532]",5fold_oof_dirichlet_odir_v1.0.0,4
uttpp_2026_feb_q19_j,state_surveys_v1,texas,policy,state_survey,6,3.918,4.452,https://texaspolitics.utexas.edu/archive/pdf/202602-POLL-TOPLINE.pdf,2026-02-02 to 2026-02-16,Opinions of various people (grid 2) -- Dan Patrick,"[""Very favorable"", ""Somewhat favorable"", ""Neither favorable nor unfavorable"", ""Somewhat unfavorable"", ""Very unfavorable"", ""Don't know/No opinion""]","[0.1293, 0.1976, 0.1718, 0.085, 0.2781, 0.1382]","[0.1502, 0.2096, 0.1545, 0.1697, 0.1836, 0.1325]","[0.126549, 0.177041, 0.206081, 0.091502, 0.167862, 0.230965]",5fold_oof_dirichlet_odir_v1.0.0,0
uttpp_2026_feb_q19_k,state_surveys_v1,texas,policy,state_survey,6,10.421,1.382,https://texaspolitics.utexas.edu/archive/pdf/202602-POLL-TOPLINE.pdf,2026-02-02 to 2026-02-16,Opinions of various people (grid 2) -- Vikki Goodwin,"[""Very favorable"", ""Somewhat favorable"", ""Neither favorable nor unfavorable"", ""Somewhat unfavorable"", ""Very unfavorable"", ""Don't know/No opinion""]","[0.074, 0.0982, 0.1856, 0.0293, 0.0578, 0.5551]","[0.1113, 0.1797, 0.1811, 0.1453, 0.1356, 0.247]","[0.053532, 0.082918, 0.195507, 0.040354, 0.052087, 0.575602]",5fold_oof_dirichlet_odir_v1.0.0,4
uttpp_2026_feb_q19_l,state_surveys_v1,texas,policy,state_survey,6,7.745,3.150,https://texaspolitics.utexas.edu/archive/pdf/202602-POLL-TOPLINE.pdf,2026-02-02 to 2026-02-16,Opinions of various people (grid 3) -- Chip Roy,"[""Very favorable"", ""Somewhat favorable"", ""Neither favorable nor unfavorable"", ""Somewhat unfavorable"", ""Very unfavorable"", ""Don't know/No opinion""]","[0.0919, 0.1196, 0.1838, 0.0931, 0.1686, 0.343]","[0.1757, 0.1943, 0.1409, 0.155, 0.1806, 0.1535]","[0.158833, 0.147158, 0.158203, 0.070115, 0.164761, 0.300929]",5fold_oof_dirichlet_odir_v1.0.0,1
uttpp_2026_feb_q19_m,state_surveys_v1,texas,policy,state_survey,6,11.013,1.017,https://texaspolitics.utexas.edu/archive/pdf/202602-POLL-TOPLINE.pdf,2026-02-02 to 2026-02-16,Opinions of various people (grid 3) -- Aaron Reitz,"[""Very favorable"", ""Somewhat favorable"", ""Neither favorable nor unfavorable"", ""Somewhat unfavorable"", ""Very unfavorable"", ""Don't know/No opinion""]","[0.0577, 0.0721, 0.1874, 0.0368, 0.0557, 0.5903]","[0.104, 0.1617, 0.1953, 0.1379, 0.1413, 0.2599]","[0.039934, 0.066572, 0.204805, 0.033506, 0.051773, 0.60341]",5fold_oof_dirichlet_odir_v1.0.0,1
uttpp_2026_feb_q19_n,state_surveys_v1,texas,policy,state_survey,6,10.975,2.035,https://texaspolitics.utexas.edu/archive/pdf/202602-POLL-TOPLINE.pdf,2026-02-02 to 2026-02-16,Opinions of various people (grid 3) -- Mayes Middleton,"[""Very favorable"", ""Somewhat favorable"", ""Neither favorable nor unfavorable"", ""Somewhat unfavorable"", ""Very unfavorable"", ""Don't know/No opinion""]","[0.0816, 0.0913, 0.1891, 0.0556, 0.0859, 0.4965]","[0.1347, 0.1824, 0.1533, 0.1528, 0.1738, 0.203]","[0.07589, 0.120135, 0.184248, 0.05292, 0.118119, 0.448689]",5fold_oof_dirichlet_odir_v1.0.0,3
uttpp_2026_feb_q19_o,state_surveys_v1,texas,policy,state_survey,6,13.524,5.980,https://texaspolitics.utexas.edu/archive/pdf/202602-POLL-TOPLINE.pdf,2026-02-02 to 2026-02-16,Opinions of various people (grid 3) -- Joan Huffman,"[""Very favorable"", ""Somewhat favorable"", ""Neither favorable nor unfavorable"", ""Somewhat unfavorable"", ""Very unfavorable"", ""Don't know/No opinion""]","[0.0608, 0.0909, 0.1841, 0.0385, 0.0626, 0.5631]","[0.1343, 0.2098, 0.1615, 0.1589, 0.1555, 0.1799]","[0.079206, 0.144473, 0.220481, 0.063988, 0.108137, 0.383714]",5fold_oof_dirichlet_odir_v1.0.0,3
uttpp_2026_feb_q19_p,state_surveys_v1,texas,policy,state_survey,6,11.633,1.298,https://texaspolitics.utexas.edu/archive/pdf/202602-POLL-TOPLINE.pdf,2026-02-02 to 2026-02-16,Opinions of various people (grid 3) -- Nathan Johnson,"[""Very favorable"", ""Somewhat favorable"", ""Neither favorable nor unfavorable"", ""Somewhat unfavorable"", ""Very unfavorable"", ""Don't know/No opinion""]","[0.0661, 0.0747, 0.1953, 0.0313, 0.0478, 0.5847]","[0.1118, 0.1853, 0.1849, 0.1396, 0.1323, 0.2462]","[0.043276, 0.090331, 0.202534, 0.039601, 0.055631, 0.568627]",5fold_oof_dirichlet_odir_v1.0.0,3
uttpp_2026_feb_q19_q,state_surveys_v1,texas,policy,state_survey,6,11.33,0.820,https://texaspolitics.utexas.edu/archive/pdf/202602-POLL-TOPLINE.pdf,2026-02-02 to 2026-02-16,Opinions of various people (grid 3) -- Joe Jaworski,"[""Very favorable"", ""Somewhat favorable"", ""Neither favorable nor unfavorable"", ""Somewhat unfavorable"", ""Very unfavorable"", ""Don't know/No opinion""]","[0.0704, 0.0771, 0.1861, 0.0369, 0.0467, 0.5828]","[0.1072, 0.1889, 0.1791, 0.1406, 0.1343, 0.25]","[0.05342, 0.090439, 0.187642, 0.04106, 0.052248, 0.57519]",5fold_oof_dirichlet_odir_v1.0.0,0
uttpp_2026_feb_q19_r,state_surveys_v1,texas,policy,state_survey,6,13.364,4.387,https://texaspolitics.utexas.edu/archive/pdf/202602-POLL-TOPLINE.pdf,2026-02-02 to 2026-02-16,Opinions of various people (grid 4) -- Kelly Hancock,"[""Very favorable"", ""Somewhat favorable"", ""Neither favorable nor unfavorable"", ""Somewhat unfavorable"", ""Very unfavorable"", ""Don't know/No opinion""]","[0.0386, 0.1201, 0.2392, 0.0302, 0.0197, 0.5522]","[0.14, 0.2244, 0.1668, 0.128, 0.1172, 0.2236]","[0.115426, 0.133164, 0.161632, 0.041455, 0.050176, 0.498148]",5fold_oof_dirichlet_odir_v1.0.0,0
uttpp_2026_feb_q19_s,state_surveys_v1,texas,policy,state_survey,6,9.654,2.860,https://texaspolitics.utexas.edu/archive/pdf/202602-POLL-TOPLINE.pdf,2026-02-02 to 2026-02-16,Opinions of various people (grid 4) -- Christi Craddick,"[""Very favorable"", ""Somewhat favorable"", ""Neither favorable nor unfavorable"", ""Somewhat unfavorable"", ""Very unfavorable"", ""Don't know/No opinion""]","[0.0712, 0.115, 0.2029, 0.0576, 0.0579, 0.4955]","[0.1222, 0.1838, 0.1681, 0.1419, 0.1434, 0.2406]","[0.063319, 0.087395, 0.170563, 0.039582, 0.064248, 0.574893]",5fold_oof_dirichlet_odir_v1.0.0,1
uttpp_2026_feb_q19_t,state_surveys_v1,texas,policy,state_survey,6,9.082,1.374,https://texaspolitics.utexas.edu/archive/pdf/202602-POLL-TOPLINE.pdf,2026-02-02 to 2026-02-16,Opinions of various people (grid 4) -- Don Huffines,"[""Very favorable"", ""Somewhat favorable"", ""Neither favorable nor unfavorable"", ""Somewhat unfavorable"", ""Very unfavorable"", ""Don't know/No opinion""]","[0.0832, 0.125, 0.189, 0.0512, 0.1106, 0.441]","[0.1463, 0.197, 0.1587, 0.1455, 0.1537, 0.1988]","[0.11617, 0.129049, 0.173727, 0.055404, 0.09189, 0.433759]",5fold_oof_dirichlet_odir_v1.0.0,0
uttpp_2026_feb_q19_u,state_surveys_v1,texas,policy,state_survey,6,13.512,5.505,https://texaspolitics.utexas.edu/archive/pdf/202602-POLL-TOPLINE.pdf,2026-02-02 to 2026-02-16,Opinions of various people (grid 4) -- Sarah Eckhardt,"[""Very favorable"", ""Somewhat favorable"", ""Neither favorable nor unfavorable"", ""Somewhat unfavorable"", ""Very unfavorable"", ""Don't know/No opinion""]","[0.0731, 0.0928, 0.1859, 0.0381, 0.0486, 0.5615]","[0.1473, 0.195, 0.1478, 0.153, 0.1626, 0.1942]","[0.117329, 0.126491, 0.153337, 0.060993, 0.112944, 0.428906]",5fold_oof_dirichlet_odir_v1.0.0,4
uttpp_2026_feb_q19_v,state_surveys_v1,texas,policy,state_survey,6,10.54,1.273,https://texaspolitics.utexas.edu/archive/pdf/202602-POLL-TOPLINE.pdf,2026-02-02 to 2026-02-16,Opinions of various people (grid 5) -- Dawn Buckingham,"[""Very favorable"", ""Somewhat favorable"", ""Neither favorable nor unfavorable"", ""Somewhat unfavorable"", ""Very unfavorable"", ""Don't know/No opinion""]","[0.0712, 0.0753, 0.2087, 0.0268, 0.0491, 0.5689]","[0.1034, 0.1723, 0.2123, 0.1352, 0.1241, 0.2527]","[0.04756, 0.081028, 0.2296, 0.038365, 0.044854, 0.558593]",5fold_oof_dirichlet_odir_v1.0.0,0
uttpp_2026_feb_q19_w,state_surveys_v1,texas,policy,state_survey,6,12.159,5.743,https://texaspolitics.utexas.edu/archive/pdf/202602-POLL-TOPLINE.pdf,2026-02-02 to 2026-02-16,Opinions of various people (grid 5) -- Sid Miller,"[""Very favorable"", ""Somewhat favorable"", ""Neither favorable nor unfavorable"", ""Somewhat unfavorable"", ""Very unfavorable"", ""Don't know/No opinion""]","[0.0869, 0.0998, 0.2039, 0.053, 0.0826, 0.4738]","[0.1305, 0.2013, 0.1499, 0.1651, 0.1902, 0.163]","[0.096095, 0.149965, 0.180036, 0.077017, 0.171502, 0.325385]",5fold_oof_dirichlet_odir_v1.0.0,2
uttpp_2026_feb_q20r,state_surveys_v1,texas,electoral,state_survey,10,7.405,14.470,https://texaspolitics.utexas.edu/archive/pdf/202602-POLL-TOPLINE.pdf,2026-02-02 to 2026-02-16,Republican Primary vote for U.S Senate,"[""Anna Bender"", ""Gulrez \""Gus\"" Khan"", ""Haven't thought about it enough to have an opinion"", ""John Cornyn"", ""John O. Adefope"", ""Ken Paxton"", ""Sara Canady"", ""Someone else"", ""Virgil Bierschwale"", ""Wesley Hunt""]","[0.004, 0.0, 0.2025, 0.2657, 0.0, 0.2706, 0.0023, 0.0222, 0.004, 0.2286]","[0.0825, 0.0845, 0.1025, 0.2494, 0.0713, 0.1784, 0.0631, 0.0412, 0.0602, 0.0669]","[0.000786, 0.000723, 0.000904, 0.000377, 0.098563, 0.89484, 0.001068, 0.00079, 0.000716, 0.001232]",5fold_oof_dirichlet_odir_v1.0.0,4
uttpp_2026_feb_q20rf,state_surveys_v1,texas,electoral,state_survey,7,12.225,12.224,https://texaspolitics.utexas.edu/archive/pdf/202602-POLL-TOPLINE.pdf,2026-02-02 to 2026-02-16,If you had to choose a candidate for U.S Senate (Rep Primary),"[""Anna Bender"", ""Haven't thought about it enough to have an opinion"", ""John Cornyn"", ""Ken Paxton"", ""Someone else"", ""Virgil Bierschwale"", ""Wesley Hunt""]","[0.0, 0.5382, 0.2001, 0.2286, 0.0, 0.0108, 0.0223]","[0.0948, 0.1103, 0.2554, 0.2538, 0.1288, 0.0574, 0.0994]","[0.0948, 0.1103, 0.2554, 0.2538, 0.1288, 0.0574, 0.0994]",5fold_oof_dirichlet_odir_v1.0.0,1
uttpp_2026_feb_q21r,state_surveys_v1,texas,electoral,state_survey,13,8.1,8.100,https://texaspolitics.utexas.edu/archive/pdf/202602-POLL-TOPLINE.pdf,2026-02-02 to 2026-02-16,Republican Primary vote for governor,"[""Arturo Espinosa"", ""Bob Achgill"", ""Charles Crouch"", ""Evelyn Brooks"", ""Greg Abbott"", ""Haven't thought about it enough to have an opinion"", ""Kenneth Hyde"", ""Mark Goloby"", ""Nathaniel Welch"", ""Pete \""Doc\"" Chambers"", ""Ronnie Tullos"", ""Someone else"", ""Stephen Samuelson""]","[0.0072, 0.0, 0.0, 0.0068, 0.8114, 0.11, 0.0, 0.0062, 0.0, 0.0457, 0.0, 0.0127, 0.0]","[0.0709, 0.079, 0.077, 0.073, 0.2849, 0.1104, 0.0348, 0.0359, 0.0518, 0.0459, 0.0347, 0.059, 0.0427]","[0.0709, 0.079, 0.077, 0.073, 0.2849, 0.1104, 0.0348, 0.0359, 0.0518, 0.0459, 0.0347, 0.059, 0.0427]",5fold_oof_dirichlet_odir_v1.0.0,2
uttpp_2026_feb_q22r,state_surveys_v1,texas,electoral,state_survey,6,12.085,4.699,https://texaspolitics.utexas.edu/archive/pdf/202602-POLL-TOPLINE.pdf,2026-02-02 to 2026-02-16,Republican Primary vote for lieutenant governor,"[""Dan Patrick"", ""Esala Wueschner"", ""Haven't thought about it enough to have an opinion"", ""Perla Hopkins"", ""Someone else"", ""Timothy Mabry""]","[0.6826, 0.007, 0.2268, 0.015, 0.0502, 0.0184]","[0.3598, 0.1089, 0.1871, 0.1037, 0.1476, 0.093]","[0.686049, 0.042687, 0.092355, 0.050816, 0.116221, 0.011873]",5fold_oof_dirichlet_odir_v1.0.0,4
uttpp_2026_feb_q22rf,state_surveys_v1,texas,electoral,state_survey,5,22.019,28.480,https://texaspolitics.utexas.edu/archive/pdf/202602-POLL-TOPLINE.pdf,2026-02-02 to 2026-02-16,If you had to choose a candidate for lieutenant governor (Rep Primary),"[""Dan Patrick"", ""Esala Wueschner"", ""Haven't thought about it enough to have an opinion"", ""Someone else"", ""Timothy Mabry""]","[0.1636, 0.0, 0.7514, 0.0539, 0.0311]","[0.3803, 0.1407, 0.2009, 0.1631, 0.115]","[0.726402, 0.123927, 0.06615, 0.079162, 0.004359]",5fold_oof_dirichlet_odir_v1.0.0,4
uttpp_2026_feb_q23r,state_surveys_v1,texas,electoral,state_survey,6,9.928,12.761,https://texaspolitics.utexas.edu/archive/pdf/202602-POLL-TOPLINE.pdf,2026-02-02 to 2026-02-16,Republican Primary vote for attorney general,"[""Aaron Reitz"", ""Chip Roy"", ""Haven't thought about it enough to have an opinion"", ""Joan Huffman"", ""Mayes Middleton"", ""Someone else""]","[0.0389, 0.2554, 0.3527, 0.0538, 0.2613, 0.0379]","[0.1119, 0.3173, 0.1574, 0.149, 0.1588, 0.1057]","[0.099449, 0.445138, 0.081976, 0.186336, 0.160368, 0.026733]",5fold_oof_dirichlet_odir_v1.0.0,3
uttpp_2026_feb_q23rf,state_surveys_v1,texas,electoral,state_survey,6,19.235,22.464,https://texaspolitics.utexas.edu/archive/pdf/202602-POLL-TOPLINE.pdf,2026-02-02 to 2026-02-16,If you had to choose a candidate for attorney general (Rep Primary),"[""Aaron Reitz"", ""Chip Roy"", ""Haven't thought about it enough to have an opinion"", ""Joan Huffman"", ""Mayes Middleton"", ""Someone else""]","[0.0047, 0.1181, 0.7279, 0.0426, 0.055, 0.0517]","[0.1095, 0.3083, 0.1508, 0.1659, 0.1445, 0.1211]","[0.097839, 0.441276, 0.071956, 0.209376, 0.145839, 0.033714]",5fold_oof_dirichlet_odir_v1.0.0,3
uttpp_2026_feb_q20d,state_surveys_v1,texas,electoral,state_survey,5,14.2,27.856,https://texaspolitics.utexas.edu/archive/pdf/202602-POLL-TOPLINE.pdf,2026-02-02 to 2026-02-16,Democratic Primary vote for U.S Senate,"[""Ahmad R. Hassan"", ""Haven't thought about it enough to have an opinion"", ""James Talarico"", ""Jasmine Crockett"", ""Someone else""]","[0.0027, 0.0763, 0.4062, 0.5148, 0.0]","[0.1244, 0.1649, 0.2225, 0.3435, 0.1448]","[0.506008, 0.219898, 0.10888, 0.11571, 0.049505]",5fold_oof_dirichlet_odir_v1.0.0,1
uttpp_2026_feb_q21d,state_surveys_v1,texas,electoral,state_survey,10,13.003,7.014,https://texaspolitics.utexas.edu/archive/pdf/202602-POLL-TOPLINE.pdf,2026-02-02 to 2026-02-16,Democratic Primary vote for governor,"[""Angela \""Tía Angie\"" Villescaz"", ""Bobby Cole"", ""Carlton W. Hart"", ""Chris Bell"", ""Gina Hinojosa"", ""Haven't thought about it enough to have an opinion"", ""Jose Navarro Balbuena"", ""Patricia Abrego"", ""Someone else"", ""Zach Vance""]","[0.0117, 0.0509, 0.0076, 0.0166, 0.4459, 0.4391, 0.0, 0.0047, 0.0217, 0.0017]","[0.0983, 0.1027, 0.0981, 0.2685, 0.1267, 0.1081, 0.0468, 0.0357, 0.0742, 0.0406]","[0.007048, 0.006728, 0.137839, 0.13554, 0.171599, 0.425696, 0.000669, 0.016098, 0.007589, 0.091194]",5fold_oof_dirichlet_odir_v1.0.0,0
uttpp_2026_feb_q21df,state_surveys_v1,texas,electoral,state_survey,10,10.515,10.093,https://texaspolitics.utexas.edu/archive/pdf/202602-POLL-TOPLINE.pdf,2026-02-02 to 2026-02-16,If you had to choose a candidate for governor (Dem Primary),"[""Angela \""Tía Angie\"" Villescaz"", ""Bobby Cole"", ""Carlton W. Hart"", ""Chris Bell"", ""Gina Hinojosa"", ""Haven't thought about it enough to have an opinion"", ""Jose Navarro Balbuena"", ""Patricia Abrego"", ""Someone else"", ""Zach Vance""]","[0.0175, 0.0302, 0.0, 0.031, 0.2341, 0.6379, 0.0, 0.0, 0.0459, 0.0033]","[0.079, 0.0964, 0.0959, 0.1724, 0.2573, 0.1122, 0.0398, 0.0349, 0.075, 0.037]","[0.004665, 0.012232, 0.036985, 0.061894, 0.644486, 0.203442, 0.003742, 0.006771, 0.006584, 0.019199]",5fold_oof_dirichlet_odir_v1.0.0,2
uttpp_2026_feb_q22d,state_surveys_v1,texas,electoral,state_survey,5,17.773,4.740,https://texaspolitics.utexas.edu/archive/pdf/202602-POLL-TOPLINE.pdf,2026-02-02 to 2026-02-16,Democratic Primary vote for lieutenant governor,"[""Courtney Head"", ""Haven't thought about it enough to have an opinion"", ""Marcos Velez"", ""Someone else"", ""Vikki Goodwin""]","[0.0336, 0.6803, 0.0416, 0.0363, 0.2081]","[0.1146, 0.236, 0.1326, 0.158, 0.3588]","[0.044698, 0.78775, 0.020071, 0.034252, 0.113229]",5fold_oof_dirichlet_odir_v1.0.0,2
uttpp_2026_feb_q22df,state_surveys_v1,texas,electoral,state_survey,5,21.306,5.224,https://texaspolitics.utexas.edu/archive/pdf/202602-POLL-TOPLINE.pdf,2026-02-02 to 2026-02-16,If you had to choose a candidate for lieutenant governor (Dem Primary),"[""Courtney Head"", ""Haven't thought about it enough to have an opinion"", ""Marcos Velez"", ""Someone else"", ""Vikki Goodwin""]","[0.0176, 0.7811, 0.0413, 0.0315, 0.1285]","[0.1107, 0.2485, 0.127, 0.1676, 0.3463]","[0.073372, 0.669039, 0.023431, 0.030842, 0.203316]",5fold_oof_dirichlet_odir_v1.0.0,1
uttpp_2026_feb_q23d,state_surveys_v1,texas,electoral,state_survey,5,15.543,19.426,https://texaspolitics.utexas.edu/archive/pdf/202602-POLL-TOPLINE.pdf,2026-02-02 to 2026-02-16,Democratic Primary vote for attorney general,"[""Haven't thought about it enough to have an opinion"", ""Joe Jaworski"", ""Nathan Johnson"", ""Someone else"", ""Tony Box""]","[0.5896, 0.2215, 0.1103, 0.0474, 0.0312]","[0.201, 0.2627, 0.2322, 0.185, 0.1191]","[0.123144, 0.255856, 0.337134, 0.27186, 0.012006]",5fold_oof_dirichlet_odir_v1.0.0,4
uttpp_2026_feb_q23df,state_surveys_v1,texas,electoral,state_survey,5,28.394,33.462,https://texaspolitics.utexas.edu/archive/pdf/202602-POLL-TOPLINE.pdf,2026-02-02 to 2026-02-16,If you had to choose a candidate for attorney general (Dem Primary),"[""Haven't thought about it enough to have an opinion"", ""Joe Jaworski"", ""Nathan Johnson"", ""Someone else"", ""Tony Box""]","[0.8908, 0.0411, 0.0383, 0.005, 0.0248]","[0.181, 0.2782, 0.2713, 0.1617, 0.1079]","[0.070373, 0.225768, 0.445103, 0.250083, 0.008673]",5fold_oof_dirichlet_odir_v1.0.0,4
uttpp_2026_feb_q28a,state_surveys_v1,texas,electoral,state_survey,5,13.349,6.086,https://texaspolitics.utexas.edu/archive/pdf/202602-POLL-TOPLINE.pdf,2026-02-02 to 2026-02-16,"If the 2026 election for U.S. Congress in your district were held today, would you vote for","[""$party_1"", ""$party_2"", ""Don't know/No opinion"", ""Haven't you thought enough about it to have an opinion"", ""Someone else""]","[0.4369, 0.4015, 0.0592, 0.0734, 0.029]","[0.3114, 0.1933, 0.1798, 0.145, 0.1704]","[0.478058, 0.298505, 0.16698, 0.024232, 0.032224]",5fold_oof_dirichlet_odir_v1.0.0,3
uttpp_2026_feb_q28b,state_surveys_v1,texas,electoral,state_survey,5,15.546,8.340,https://texaspolitics.utexas.edu/archive/pdf/202602-POLL-TOPLINE.pdf,2026-02-02 to 2026-02-16,"If the 2026 election for the Texas Legislature in your district were held today, would you","[""$party_1"", ""$party_2"", ""Don't know/No opinion"", ""Haven't you thought enough about it to have an opinion"", ""Someone else""]","[0.443, 0.3988, 0.0554, 0.077, 0.0258]","[0.2782, 0.175, 0.191, 0.1594, 0.1964]","[0.353556, 0.282323, 0.222725, 0.074424, 0.066973]",5fold_oof_dirichlet_odir_v1.0.0,0
uttpp_2026_feb_q29_1,state_surveys_v1,texas,policy,state_survey,4,3.379,5.504,https://texaspolitics.utexas.edu/archive/pdf/202602-POLL-TOPLINE.pdf,2026-02-02 to 2026-02-16,Heard in the news -- The 2026 U.S. Senate race in Texas.,"[""A lot"", ""Some"", ""Not very much"", ""Nothing at all""]","[0.2735, 0.4076, 0.2322, 0.0867]","[0.2199, 0.3937, 0.2603, 0.1261]","[0.360638, 0.43054, 0.183441, 0.02538]",5fold_oof_dirichlet_odir_v1.0.0,3
uttpp_2026_feb_q29_2,state_surveys_v1,texas,electoral,state_survey,4,2.295,25.002,https://texaspolitics.utexas.edu/archive/pdf/202602-POLL-TOPLINE.pdf,2026-02-02 to 2026-02-16,"Heard in the news -- The March, 2026 party primary elections in Texas.","[""A lot"", ""Some"", ""Not very much"", ""Nothing at all""]","[0.2502, 0.4117, 0.2506, 0.0875]","[0.2587, 0.3697, 0.2467, 0.1249]","[0.013895, 0.911732, 0.064384, 0.009989]",5fold_oof_dirichlet_odir_v1.0.0,2
uttpp_2026_feb_q29_3,state_surveys_v1,texas,policy,state_survey,4,25.614,21.262,https://texaspolitics.utexas.edu/archive/pdf/202602-POLL-TOPLINE.pdf,2026-02-02 to 2026-02-16,Heard in the news -- Protests in Minnesota.,"[""A lot"", ""Some"", ""Not very much"", ""Nothing at all""]","[0.6732, 0.2213, 0.0626, 0.0429]","[0.1609, 0.3308, 0.3434, 0.165]","[0.251054, 0.39201, 0.317123, 0.039813]",5fold_oof_dirichlet_odir_v1.0.0,3
uttpp_2026_feb_q29_4,state_surveys_v1,texas,policy,state_survey,4,9.645,2.600,https://texaspolitics.utexas.edu/archive/pdf/202602-POLL-TOPLINE.pdf,2026-02-02 to 2026-02-16,Heard in the news -- U.S. actions in Venezuela,"[""A lot"", ""Some"", ""Not very much"", ""Nothing at all""]","[0.4726, 0.3543, 0.1168, 0.0563]","[0.2857, 0.3483, 0.2379, 0.1281]","[0.453363, 0.366575, 0.156519, 0.023543]",5fold_oof_dirichlet_odir_v1.0.0,1
uttpp_2026_feb_q29_5,state_surveys_v1,texas,policy,state_survey,4,12.539,6.823,https://texaspolitics.utexas.edu/archive/pdf/202602-POLL-TOPLINE.pdf,2026-02-02 to 2026-02-16,Heard in the news -- The conflict between Russia and Ukraine,"[""A lot"", ""Some"", ""Not very much"", ""Nothing at all""]","[0.4814, 0.3463, 0.1234, 0.049]","[0.2306, 0.3627, 0.2711, 0.1356]","[0.365367, 0.419972, 0.186145, 0.028515]",5fold_oof_dirichlet_odir_v1.0.0,1
uttpp_2026_feb_q29_6,state_surveys_v1,texas,policy,state_survey,4,12.484,6.986,https://texaspolitics.utexas.edu/archive/pdf/202602-POLL-TOPLINE.pdf,2026-02-02 to 2026-02-16,Heard in the news -- U.S. attempts to acquire Greenland,"[""A lot"", ""Some"", ""Not very much"", ""Nothing at all""]","[0.4785, 0.3664, 0.1046, 0.0505]","[0.2309, 0.3643, 0.2585, 0.1462]","[0.358781, 0.436272, 0.174441, 0.030506]",5fold_oof_dirichlet_odir_v1.0.0,1
uttpp_2026_feb_q29_7,state_surveys_v1,texas,policy,state_survey,4,8.864,4.238,https://texaspolitics.utexas.edu/archive/pdf/202602-POLL-TOPLINE.pdf,2026-02-02 to 2026-02-16,Heard in the news -- Protests in Iran,"[""A lot"", ""Some"", ""Not very much"", ""Nothing at all""]","[0.3221, 0.4126, 0.195, 0.0703]","[0.1998, 0.3576, 0.298, 0.1446]","[0.376948, 0.364556, 0.224905, 0.033591]",5fold_oof_dirichlet_odir_v1.0.0,0
uttpp_2026_feb_q30a,state_surveys_v1,texas,brand,state_survey,6,5.379,3.555,https://texaspolitics.utexas.edu/archive/pdf/202602-POLL-TOPLINE.pdf,2026-02-02 to 2026-02-16,"Please tell us whether you have a very favorable, somewhat favorable, neither favorable nor unfavorable, somewhat unfavorable, or very unfavorable opinion of the Republican Party.","[""Very favorable"", ""Somewhat favorable"", ""Neither favorable nor unfavorable"", ""Somewhat unfavorable"", ""Very unfavorable"", ""Don't know/No opinion""]","[0.2213, 0.2156, 0.101, 0.0955, 0.3465, 0.0201]","[0.218, 0.205, 0.1424, 0.1674, 0.199, 0.0681]","[0.258247, 0.22036, 0.105377, 0.085734, 0.249621, 0.080661]",5fold_oof_dirichlet_odir_v1.0.0,4
uttpp_2026_feb_q30b,state_surveys_v1,texas,brand,state_survey,6,5.153,5.008,https://texaspolitics.utexas.edu/archive/pdf/202602-POLL-TOPLINE.pdf,2026-02-02 to 2026-02-16,"Please tell us whether you have a very favorable, somewhat favorable, neither favorable nor unfavorable, somewhat unfavorable, or very unfavorable opinion of the Democratic Party.","[""Very favorable"", ""Somewhat favorable"", ""Neither favorable nor unfavorable"", ""Somewhat unfavorable"", ""Very unfavorable"", ""Don't know/No opinion""]","[0.1784, 0.22, 0.1211, 0.1213, 0.3409, 0.0183]","[0.1527, 0.1917, 0.1467, 0.1935, 0.2403, 0.0751]","[0.150646, 0.140639, 0.112967, 0.086305, 0.452518, 0.056925]",5fold_oof_dirichlet_odir_v1.0.0,1
uttpp_2026_feb_q31,state_surveys_v1,texas,brand,state_survey,6,7.137,2.748,https://texaspolitics.utexas.edu/archive/pdf/202602-POLL-TOPLINE.pdf,2026-02-02 to 2026-02-16,"Please tell us whether you have a very favorable, somewhat favorable, neither favorable nor unfavorable, somewhat unfavorable, or very unfavorable opinion of the Make America Great Again (MAGA) movement?","[""Very favorable"", ""Somewhat favorable"", ""Neither favorable nor unfavorable"", ""Somewhat unfavorable"", ""Very unfavorable"", ""Don't know/No opinion""]","[0.2426, 0.1695, 0.1052, 0.0523, 0.3983, 0.032]","[0.2137, 0.1873, 0.1448, 0.1712, 0.2131, 0.0698]","[0.22402, 0.195096, 0.107163, 0.098207, 0.334488, 0.041025]",5fold_oof_dirichlet_odir_v1.0.0,0
uttpp_2026_feb_q32,state_surveys_v1,texas,policy,state_survey,4,8.281,13.035,https://texaspolitics.utexas.edu/archive/pdf/202602-POLL-TOPLINE.pdf,2026-02-02 to 2026-02-16,Perceived influence of the MAGA movement,"[""Too much"", ""Too little"", ""The right amount"", ""Don't know/No opinion""]","[0.4925, 0.1191, 0.2472, 0.1412]","[0.3269, 0.2115, 0.2999, 0.1617]","[0.319118, 0.232644, 0.394359, 0.053878]",5fold_oof_dirichlet_odir_v1.0.0,2
uttpp_2026_feb_q33_a,state_surveys_v1,texas,political_approval,state_survey,6,6.44,1.535,https://texaspolitics.utexas.edu/archive/pdf/202602-POLL-TOPLINE.pdf,2026-02-02 to 2026-02-16,Approve/Disapprove Trump grid -- The economy,"[""Approve strongly"", ""Approve somewhat"", ""Neither approve nor disapprove"", ""Disapprove somewhat"", ""Disapprove strongly"", ""Don't know""]","[0.2185, 0.1933, 0.0857, 0.0946, 0.3898, 0.0181]","[0.2051, 0.1845, 0.1436, 0.162, 0.2189, 0.086]","[0.231798, 0.185386, 0.107623, 0.085227, 0.361044, 0.028921]",5fold_oof_dirichlet_odir_v1.0.0,1
uttpp_2026_feb_q33_b,state_surveys_v1,texas,political_approval,state_survey,6,7.358,2.306,https://texaspolitics.utexas.edu/archive/pdf/202602-POLL-TOPLINE.pdf,2026-02-02 to 2026-02-16,Approve/Disapprove Trump grid -- Inflation and prices,"[""Approve strongly"", ""Approve somewhat"", ""Neither approve nor disapprove"", ""Disapprove somewhat"", ""Disapprove strongly"", ""Don't know""]","[0.184, 0.1988, 0.081, 0.0847, 0.4295, 0.0221]","[0.2055, 0.1845, 0.1396, 0.162, 0.223, 0.0853]","[0.223629, 0.194498, 0.100156, 0.080707, 0.36856, 0.032449]",5fold_oof_dirichlet_odir_v1.0.0,0
uttpp_2026_feb_q33_c,state_surveys_v1,texas,political_approval,state_survey,6,9.268,3.221,https://texaspolitics.utexas.edu/archive/pdf/202602-POLL-TOPLINE.pdf,2026-02-02 to 2026-02-16,Approve/Disapprove Trump grid -- Immigration,"[""Approve strongly"", ""Approve somewhat"", ""Neither approve nor disapprove"", ""Disapprove somewhat"", ""Disapprove strongly"", ""Don't know""]","[0.337, 0.137, 0.0666, 0.0518, 0.3898, 0.0178]","[0.2179, 0.1707, 0.1383, 0.1539, 0.2309, 0.0883]","[0.242259, 0.160442, 0.10165, 0.078787, 0.387901, 0.02896]",5fold_oof_dirichlet_odir_v1.0.0,1
uttpp_2026_feb_q33_d,state_surveys_v1,texas,political_approval,state_survey,6,16.135,13.163,https://texaspolitics.utexas.edu/archive/pdf/202602-POLL-TOPLINE.pdf,2026-02-02 to 2026-02-16,Approve/Disapprove Trump grid -- Border security,"[""Approve strongly"", ""Approve somewhat"", ""Neither approve nor disapprove"", ""Disapprove somewhat"", ""Disapprove strongly"", ""Don't know""]","[0.0348, 0.0451, 0.045, 0.0724, 0.7961, 0.0066]","[0.1283, 0.1521, 0.1453, 0.1688, 0.312, 0.0935]","[0.11182, 0.186584, 0.145765, 0.113309, 0.401204, 0.041318]",5fold_oof_dirichlet_odir_v1.0.0,4
uttpp_2026_feb_q33_e,state_surveys_v1,texas,political_approval,state_survey,6,6.929,2.284,https://texaspolitics.utexas.edu/archive/pdf/202602-POLL-TOPLINE.pdf,2026-02-02 to 2026-02-16,Approve/Disapprove Trump grid -- Foreign policy,"[""Approve strongly"", ""Approve somewhat"", ""Neither approve nor disapprove"", ""Disapprove somewhat"", ""Disapprove strongly"", ""Don't know""]","[0.2444, 0.1785, 0.081, 0.0813, 0.3851, 0.0297]","[0.2036, 0.1734, 0.1431, 0.1543, 0.2231, 0.1025]","[0.183539, 0.17084, 0.125361, 0.086721, 0.389781, 0.043759]",5fold_oof_dirichlet_odir_v1.0.0,3
uttpp_2026_feb_q33_f,state_surveys_v1,texas,political_approval,state_survey,6,6.927,2.853,https://texaspolitics.utexas.edu/archive/pdf/202602-POLL-TOPLINE.pdf,2026-02-02 to 2026-02-16,Approve/Disapprove Trump grid -- Trade negotiations,"[""Approve strongly"", ""Approve somewhat"", ""Neither approve nor disapprove"", ""Disapprove somewhat"", ""Disapprove strongly"", ""Don't know""]","[0.2424, 0.1779, 0.0952, 0.0708, 0.381, 0.0327]","[0.1969, 0.1779, 0.1444, 0.1608, 0.2186, 0.1013]","[0.171673, 0.18839, 0.133333, 0.095873, 0.366134, 0.044597]",5fold_oof_dirichlet_odir_v1.0.0,3
uttpp_2026_feb_q33_g,state_surveys_v1,texas,political_approval,state_survey,6,5.34,2.563,https://texaspolitics.utexas.edu/archive/pdf/202602-POLL-TOPLINE.pdf,2026-02-02 to 2026-02-16,Approve/Disapprove Trump grid -- Government spending,"[""Approve strongly"", ""Approve somewhat"", ""Neither approve nor disapprove"", ""Disapprove somewhat"", ""Disapprove strongly"", ""Don't know""]","[0.1957, 0.1825, 0.1036, 0.0967, 0.3886, 0.0328]","[0.179, 0.1741, 0.1397, 0.1712, 0.2536, 0.0824]","[0.135705, 0.170699, 0.107732, 0.10527, 0.452841, 0.027754]",5fold_oof_dirichlet_odir_v1.0.0,3
uttpp_2026_feb_q33_h,state_surveys_v1,texas,political_approval,state_survey,6,6.269,1.757,https://texaspolitics.utexas.edu/archive/pdf/202602-POLL-TOPLINE.pdf,2026-02-02 to 2026-02-16,Approve/Disapprove Trump grid -- Crime and public safety,"[""Approve strongly"", ""Approve somewhat"", ""Neither approve nor disapprove"", ""Disapprove somewhat"", ""Disapprove strongly"", ""Don't know""]","[0.2878, 0.1667, 0.0923, 0.0799, 0.3465, 0.0267]","[0.2217, 0.1716, 0.1391, 0.1524, 0.2246, 0.0907]","[0.255324, 0.16035, 0.091829, 0.066531, 0.392394, 0.033572]",5fold_oof_dirichlet_odir_v1.0.0,0
uttpp_2026_feb_q33_i,state_surveys_v1,texas,political_approval,state_survey,6,5.519,1.830,https://texaspolitics.utexas.edu/archive/pdf/202602-POLL-TOPLINE.pdf,2026-02-02 to 2026-02-16,Approve/Disapprove Trump grid -- Health care,"[""Approve strongly"", ""Approve somewhat"", ""Neither approve nor disapprove"", ""Disapprove somewhat"", ""Disapprove strongly"", ""Don't know""]","[0.1759, 0.1649, 0.1399, 0.0902, 0.3958, 0.0333]","[0.2014, 0.1809, 0.1408, 0.1522, 0.2302, 0.0944]","[0.194241, 0.172749, 0.102737, 0.072455, 0.420157, 0.037662]",5fold_oof_dirichlet_odir_v1.0.0,0
uttpp_2026_feb_q33_j,state_surveys_v1,texas,political_approval,state_survey,6,4.981,4.548,https://texaspolitics.utexas.edu/archive/pdf/202602-POLL-TOPLINE.pdf,2026-02-02 to 2026-02-16,"Approve/Disapprove Trump grid -- Higher education, i.e. colleges and universities","[""Approve strongly"", ""Approve somewhat"", ""Neither approve nor disapprove"", ""Disapprove somewhat"", ""Disapprove strongly"", ""Don't know""]","[0.1839, 0.168, 0.1771, 0.0627, 0.3589, 0.0495]","[0.175, 0.1737, 0.1391, 0.1709, 0.2563, 0.0849]","[0.138335, 0.166449, 0.105561, 0.093677, 0.464299, 0.031679]",5fold_oof_dirichlet_odir_v1.0.0,0
uttpp_2026_feb_q33_k,state_surveys_v1,texas,political_approval,state_survey,6,6.069,1.165,https://texaspolitics.utexas.edu/archive/pdf/202602-POLL-TOPLINE.pdf,2026-02-02 to 2026-02-16,Approve/Disapprove Trump grid -- Government ethics,"[""Approve strongly"", ""Approve somewhat"", ""Neither approve nor disapprove"", ""Disapprove somewhat"", ""Disapprove strongly"", ""Don't know""]","[0.2035, 0.1645, 0.1049, 0.0892, 0.4088, 0.0291]","[0.2042, 0.1796, 0.14, 0.1531, 0.2267, 0.0963]","[0.213127, 0.178665, 0.103659, 0.079515, 0.384762, 0.040272]",5fold_oof_dirichlet_odir_v1.0.0,4
uttpp_2026_feb_q33_l,state_surveys_v1,texas,political_approval,state_survey,6,6.242,0.655,https://texaspolitics.utexas.edu/archive/pdf/202602-POLL-TOPLINE.pdf,2026-02-02 to 2026-02-16,Approve/Disapprove Trump grid -- Free speech rights,"[""Approve strongly"", ""Approve somewhat"", ""Neither approve nor disapprove"", ""Disapprove somewhat"", ""Disapprove strongly"", ""Don't know""]","[0.2425, 0.1778, 0.1045, 0.066, 0.3824, 0.0268]","[0.2189, 0.1801, 0.1394, 0.1515, 0.2188, 0.0914]","[0.241146, 0.169163, 0.094835, 0.074376, 0.384197, 0.036284]",5fold_oof_dirichlet_odir_v1.0.0,4
uttpp_2026_feb_q34_a,state_surveys_v1,texas,political_approval,state_survey,6,5.39,1.502,https://texaspolitics.utexas.edu/archive/pdf/202602-POLL-TOPLINE.pdf,2026-02-02 to 2026-02-16,More specific items - Approve/Disapprove Trump grid -- Venezuela,"[""Approve strongly"", ""Approve somewhat"", ""Neither approve nor disapprove"", ""Disapprove somewhat"", ""Disapprove strongly"", ""Don't know""]","[0.2244, 0.179, 0.1072, 0.0737, 0.3568, 0.0589]","[0.2208, 0.1735, 0.1419, 0.1525, 0.2042, 0.1071]","[0.22208, 0.192344, 0.128891, 0.083718, 0.331604, 0.041363]",5fold_oof_dirichlet_odir_v1.0.0,1
uttpp_2026_feb_q34_b,state_surveys_v1,texas,political_approval,state_survey,6,5.89,3.351,https://texaspolitics.utexas.edu/archive/pdf/202602-POLL-TOPLINE.pdf,2026-02-02 to 2026-02-16,More specific items - Approve/Disapprove Trump grid -- The conflict between Russia and Ukraine,"[""Approve strongly"", ""Approve somewhat"", ""Neither approve nor disapprove"", ""Disapprove somewhat"", ""Disapprove strongly"", ""Don't know""]","[0.1472, 0.2062, 0.1639, 0.0953, 0.3355, 0.0519]","[0.2055, 0.1664, 0.1443, 0.1551, 0.2182, 0.1106]","[0.190245, 0.1635, 0.121434, 0.079922, 0.391804, 0.053095]",5fold_oof_dirichlet_odir_v1.0.0,0
uttpp_2026_feb_q34_c,state_surveys_v1,texas,political_approval,state_survey,6,6.829,1.689,https://texaspolitics.utexas.edu/archive/pdf/202602-POLL-TOPLINE.pdf,2026-02-02 to 2026-02-16,More specific items - Approve/Disapprove Trump grid -- Greenland,"[""Approve strongly"", ""Approve somewhat"", ""Neither approve nor disapprove"", ""Disapprove somewhat"", ""Disapprove strongly"", ""Don't know""]","[0.156, 0.1414, 0.1412, 0.0822, 0.4182, 0.0609]","[0.2068, 0.1685, 0.142, 0.1498, 0.2134, 0.1196]","[0.185158, 0.16265, 0.123459, 0.075963, 0.391551, 0.061218]",5fold_oof_dirichlet_odir_v1.0.0,0
uttpp_2026_feb_q34_d,state_surveys_v1,texas,political_approval,state_survey,6,10.771,8.679,https://texaspolitics.utexas.edu/archive/pdf/202602-POLL-TOPLINE.pdf,2026-02-02 to 2026-02-16,More specific items - Approve/Disapprove Trump grid -- Protests in Iran,"[""Approve strongly"", ""Approve somewhat"", ""Neither approve nor disapprove"", ""Disapprove somewhat"", ""Disapprove strongly"", ""Don't know""]","[0.0137, 0.027, 0.1462, 0.1201, 0.6284, 0.0646]","[0.127, 0.1485, 0.1413, 0.1625, 0.3102, 0.1105]","[0.100036, 0.189988, 0.157258, 0.111519, 0.387104, 0.054096]",5fold_oof_dirichlet_odir_v1.0.0,4
uttpp_2026_feb_q35,state_surveys_v1,texas,civic_legal,state_survey,6,9.17,6.137,https://texaspolitics.utexas.edu/archive/pdf/202602-POLL-TOPLINE.pdf,2026-02-02 to 2026-02-16,"Please tell us whether you have a very favorable, somewhat favorable, neither favorable nor unfavorable, somewhat unfavorable, or very unfavorable opinion of Immigrations and Customs Enforcement (ICE)?","[""Very favorable"", ""Somewhat favorable"", ""Neither favorable nor unfavorable"", ""Somewhat unfavorable"", ""Very unfavorable"", ""Don't know/No opinion""]","[0.2735, 0.1532, 0.0865, 0.0667, 0.4022, 0.0179]","[0.1904, 0.2066, 0.1493, 0.1772, 0.2102, 0.0663]","[0.201827, 0.244831, 0.132644, 0.092718, 0.289766, 0.038214]",5fold_oof_dirichlet_odir_v1.0.0,1
uttpp_2026_feb_q36,state_surveys_v1,texas,civic_legal,state_survey,4,5.568,8.757,https://texaspolitics.utexas.edu/archive/pdf/202602-POLL-TOPLINE.pdf,2026-02-02 to 2026-02-16,"Thinking about legal immigration, do you think the United States allows too many people to immigrate here from other countries, too few, or about the right amount?","[""Too many"", ""About the right amount"", ""Too few"", ""Don't know/No opinion""]","[0.4144, 0.2862, 0.1373, 0.1621]","[0.3498, 0.2491, 0.2487, 0.1524]","[0.336587, 0.437173, 0.161461, 0.064778]",5fold_oof_dirichlet_odir_v1.0.0,0
uttpp_2026_feb_q37,state_surveys_v1,texas,civic_legal,state_survey,4,10.86,2.339,https://texaspolitics.utexas.edu/archive/pdf/202602-POLL-TOPLINE.pdf,2026-02-02 to 2026-02-16,"In your opinion, has the Trump administration gone too far in enforcing federal immigration laws, has it been about right, or has it not gone far enough? [RANDOMIZE PRESENTATION 1,2,3 & 3,2,1]","[""Gone too far"", ""Been about right"", ""Not gone far enough"", ""Don't know/No opinion""]","[0.4918, 0.2564, 0.1895, 0.0623]","[0.2746, 0.3021, 0.2832, 0.1401]","[0.472076, 0.241787, 0.177051, 0.109085]",5fold_oof_dirichlet_odir_v1.0.0,3
uttpp_2026_feb_q38,state_surveys_v1,texas,policy,state_survey,5,2.796,3.941,https://texaspolitics.utexas.edu/archive/pdf/202602-POLL-TOPLINE.pdf,2026-02-02 to 2026-02-16,Do you agree or disagree with the following statement: Undocumented immigrants currently living in the United States should be deported immediately.,"[""Strongly agree"", ""Somewhat agree"", ""Somewhat disagree"", ""Strongly disagree"", ""Don't know/No opinion""]","[0.3029, 0.2279, 0.1713, 0.233, 0.0649]","[0.2557, 0.2295, 0.1969, 0.2103, 0.1076]","[0.287726, 0.267391, 0.230342, 0.195255, 0.019287]",5fold_oof_dirichlet_odir_v1.0.0,0
uttpp_2026_feb_q39a,state_surveys_v1,texas,policy,state_survey,4,1.508,9.899,https://texaspolitics.utexas.edu/archive/pdf/202602-POLL-TOPLINE.pdf,2026-02-02 to 2026-02-16,"Thinking about the economic situation of you and your family, do you think the U.S. increasing tariffs will generally help you and your family, hurt you and your family, or have no impact on you and your family?","[""Help"", ""Hurt"", ""Have no impact"", ""Don't know/No opinion""]","[0.202, 0.5007, 0.1507, 0.1466]","[0.2101, 0.4705, 0.172, 0.1474]","[0.356567, 0.544107, 0.063473, 0.035853]",5fold_oof_dirichlet_odir_v1.0.0,2
uttpp_2026_feb_q39c,state_surveys_v1,texas,policy,state_survey,4,7.209,4.474,https://texaspolitics.utexas.edu/archive/pdf/202602-POLL-TOPLINE.pdf,2026-02-02 to 2026-02-16,"In the long run, do you think the U.S. increasing tariffs will generally help the U.S. economy, hurt the U.S. economy, or have no impact on the U.S. economy?","[""Help"", ""Hurt"", ""Have no impact"", ""Don't know/No opinion""]","[0.3443, 0.4694, 0.0586, 0.1277]","[0.317, 0.3526, 0.1454, 0.1851]","[0.360984, 0.524484, 0.07631, 0.038221]",5fold_oof_dirichlet_odir_v1.0.0,2
uttpp_2026_feb_q40,state_surveys_v1,texas,policy,state_survey,5,6.662,9.705,https://texaspolitics.utexas.edu/archive/pdf/202602-POLL-TOPLINE.pdf,2026-02-02 to 2026-02-16,Do you support or oppose the use of the U.S. military for law enforcement efforts in American cities?,"[""Strongly support"", ""Somewhat support"", ""Somewhat oppose"", ""Strongly oppose"", ""Don't know/No opinion""]","[0.2329, 0.1736, 0.1164, 0.3875, 0.0897]","[0.2397, 0.2335, 0.1952, 0.2209, 0.1107]","[0.322137, 0.265403, 0.17794, 0.217851, 0.016669]",5fold_oof_dirichlet_odir_v1.0.0,2
uttpp_2026_feb_q41_a,state_surveys_v1,texas,policy,state_survey,6,3.025,1.680,https://texaspolitics.utexas.edu/archive/pdf/202602-POLL-TOPLINE.pdf,2026-02-02 to 2026-02-16,Approval of Texas state leaders -- The Texas economy,"[""Approve strongly"", ""Approve somewhat"", ""Neither approve nor disapprove"", ""Disapprove somewhat"", ""Disapprove strongly"", ""Don't know""]","[0.1647, 0.257, 0.158, 0.1283, 0.2353, 0.0567]","[0.1914, 0.2298, 0.1514, 0.1857, 0.1784, 0.0634]","[0.167934, 0.217142, 0.205169, 0.119266, 0.234243, 0.056246]",5fold_oof_dirichlet_odir_v1.0.0,3
uttpp_2026_feb_q41_b,state_surveys_v1,texas,policy,state_survey,6,4.112,1.776,https://texaspolitics.utexas.edu/archive/pdf/202602-POLL-TOPLINE.pdf,2026-02-02 to 2026-02-16,Approval of Texas state leaders -- Property taxes,"[""Approve strongly"", ""Approve somewhat"", ""Neither approve nor disapprove"", ""Disapprove somewhat"", ""Disapprove strongly"", ""Don't know""]","[0.1026, 0.2092, 0.1851, 0.1577, 0.2793, 0.0661]","[0.1529, 0.2277, 0.1359, 0.2123, 0.2177, 0.0535]","[0.122093, 0.209373, 0.189407, 0.133456, 0.308618, 0.037053]",5fold_oof_dirichlet_odir_v1.0.0,3
uttpp_2026_feb_q41_c,state_surveys_v1,texas,civic_legal,state_survey,6,5.102,2.891,https://texaspolitics.utexas.edu/archive/pdf/202602-POLL-TOPLINE.pdf,2026-02-02 to 2026-02-16,Approval of Texas state leaders -- Immigration,"[""Approve strongly"", ""Approve somewhat"", ""Neither approve nor disapprove"", ""Disapprove somewhat"", ""Disapprove strongly"", ""Don't know""]","[0.2608, 0.1924, 0.111, 0.0777, 0.3158, 0.0422]","[0.2249, 0.1827, 0.1442, 0.1724, 0.2084, 0.0674]","[0.316399, 0.13167, 0.142186, 0.075974, 0.301951, 0.03182]",5fold_oof_dirichlet_odir_v1.0.0,0
uttpp_2026_feb_q41_d,state_surveys_v1,texas,policy,state_survey,6,14.619,12.051,https://texaspolitics.utexas.edu/archive/pdf/202602-POLL-TOPLINE.pdf,2026-02-02 to 2026-02-16,Approval of Texas state leaders -- Border security,"[""Approve strongly"", ""Approve somewhat"", ""Neither approve nor disapprove"", ""Disapprove somewhat"", ""Disapprove strongly"", ""Don't know""]","[0.0281, 0.055, 0.0635, 0.1409, 0.6988, 0.0136]","[0.1262, 0.1692, 0.1644, 0.2216, 0.2603, 0.0583]","[0.061746, 0.152198, 0.253485, 0.159651, 0.337319, 0.0356]",5fold_oof_dirichlet_odir_v1.0.0,2
uttpp_2026_feb_q41_e,state_surveys_v1,texas,policy,state_survey,6,5.781,2.915,https://texaspolitics.utexas.edu/archive/pdf/202602-POLL-TOPLINE.pdf,2026-02-02 to 2026-02-16,Approval of Texas state leaders -- K-12 public education,"[""Approve strongly"", ""Approve somewhat"", ""Neither approve nor disapprove"", ""Disapprove somewhat"", ""Disapprove strongly"", ""Don't know""]","[0.1079, 0.1785, 0.2088, 0.1077, 0.3006, 0.0966]","[0.1517, 0.2173, 0.1602, 0.1984, 0.2194, 0.0529]","[0.096543, 0.222624, 0.216001, 0.143762, 0.292135, 0.028935]",5fold_oof_dirichlet_odir_v1.0.0,1
uttpp_2026_feb_q41_f,state_surveys_v1,texas,policy,state_survey,6,4.571,3.514,https://texaspolitics.utexas.edu/archive/pdf/202602-POLL-TOPLINE.pdf,2026-02-02 to 2026-02-16,"Approval of Texas state leaders -- Higher education (e.g., colleges and universities)","[""Approve strongly"", ""Approve somewhat"", ""Neither approve nor disapprove"", ""Disapprove somewhat"", ""Disapprove strongly"", ""Don't know""]","[0.1161, 0.179, 0.2263, 0.1194, 0.2626, 0.0966]","[0.1836, 0.1902, 0.1411, 0.1778, 0.2307, 0.0766]","[0.158993, 0.179495, 0.166408, 0.095429, 0.324638, 0.075038]",5fold_oof_dirichlet_odir_v1.0.0,3
uttpp_2026_feb_q41_g,state_surveys_v1,texas,policy,state_survey,6,3.099,2.806,https://texaspolitics.utexas.edu/archive/pdf/202602-POLL-TOPLINE.pdf,2026-02-02 to 2026-02-16,Approval of Texas state leaders -- Crime/public safety,"[""Approve strongly"", ""Approve somewhat"", ""Neither approve nor disapprove"", ""Disapprove somewhat"", ""Disapprove strongly"", ""Don't know""]","[0.1644, 0.2528, 0.1687, 0.1152, 0.2341, 0.0649]","[0.1888, 0.1936, 0.1491, 0.1784, 0.22, 0.0703]","[0.163919, 0.184027, 0.176442, 0.101365, 0.310484, 0.063762]",5fold_oof_dirichlet_odir_v1.0.0,3
uttpp_2026_feb_q41_h,state_surveys_v1,texas,policy,state_survey,6,4.778,2.454,https://texaspolitics.utexas.edu/archive/pdf/202602-POLL-TOPLINE.pdf,2026-02-02 to 2026-02-16,Approval of Texas state leaders -- Healthcare,"[""Approve strongly"", ""Approve somewhat"", ""Neither approve nor disapprove"", ""Disapprove somewhat"", ""Disapprove strongly"", ""Don't know""]","[0.0984, 0.1843, 0.1983, 0.1248, 0.3265, 0.0677]","[0.1714, 0.1983, 0.1427, 0.1811, 0.2388, 0.0677]","[0.144754, 0.191131, 0.15708, 0.110529, 0.346946, 0.04956]",5fold_oof_dirichlet_odir_v1.0.0,2
uttpp_2026_feb_q41_i,state_surveys_v1,texas,policy,state_survey,6,4.152,1.162,https://texaspolitics.utexas.edu/archive/pdf/202602-POLL-TOPLINE.pdf,2026-02-02 to 2026-02-16,Approval of Texas state leaders -- Abortion policy,"[""Approve strongly"", ""Approve somewhat"", ""Neither approve nor disapprove"", ""Disapprove somewhat"", ""Disapprove strongly"", ""Don't know""]","[0.1713, 0.1696, 0.1596, 0.079, 0.3581, 0.0623]","[0.187, 0.1798, 0.1421, 0.1704, 0.2511, 0.0696]","[0.160901, 0.168679, 0.144006, 0.098286, 0.373712, 0.054416]",5fold_oof_dirichlet_odir_v1.0.0,4
uttpp_2026_feb_q41_j,state_surveys_v1,texas,policy,state_survey,6,3.877,3.144,https://texaspolitics.utexas.edu/archive/pdf/202602-POLL-TOPLINE.pdf,2026-02-02 to 2026-02-16,Approval of Texas state leaders -- Political corruption/ethics,"[""Approve strongly"", ""Approve somewhat"", ""Neither approve nor disapprove"", ""Disapprove somewhat"", ""Disapprove strongly"", ""Don't know""]","[0.107, 0.1728, 0.1742, 0.1038, 0.3669, 0.0753]","[0.1248, 0.1721, 0.1384, 0.2023, 0.2898, 0.0726]","[0.061364, 0.141323, 0.178991, 0.131791, 0.428432, 0.058098]",5fold_oof_dirichlet_odir_v1.0.0,1
uttpp_2026_feb_q41_k,state_surveys_v1,texas,policy,state_survey,6,3.167,3.868,https://texaspolitics.utexas.edu/archive/pdf/202602-POLL-TOPLINE.pdf,2026-02-02 to 2026-02-16,Approval of Texas state leaders -- Marijuana/THC laws,"[""Approve strongly"", ""Approve somewhat"", ""Neither approve nor disapprove"", ""Disapprove somewhat"", ""Disapprove strongly"", ""Don't know""]","[0.1161, 0.1676, 0.2097, 0.153, 0.2527, 0.1008]","[0.1509, 0.1662, 0.1446, 0.2031, 0.2628, 0.0724]","[0.091676, 0.14446, 0.197038, 0.126947, 0.368801, 0.071079]",5fold_oof_dirichlet_odir_v1.0.0,0
uttpp_2026_feb_q41_l,state_surveys_v1,texas,policy,state_survey,6,4.946,2.219,https://texaspolitics.utexas.edu/archive/pdf/202602-POLL-TOPLINE.pdf,2026-02-02 to 2026-02-16,Approval of Texas state leaders -- Housing,"[""Approve strongly"", ""Approve somewhat"", ""Neither approve nor disapprove"", ""Disapprove somewhat"", ""Disapprove strongly"", ""Don't know""]","[0.0987, 0.184, 0.2291, 0.1307, 0.2771, 0.0805]","[0.1485, 0.2011, 0.145, 0.2121, 0.2297, 0.0636]","[0.093574, 0.196659, 0.204503, 0.157776, 0.303897, 0.043591]",5fold_oof_dirichlet_odir_v1.0.0,1
